7:00 - 8:00,8:00 - 9:00,9:00 - 10:00,10:00 - 11:00,11:00 - 12:00,12:00 - 13:00,13:00 - 14:00,14:00 - 15:00,15:00 - 16:00,16:00 - 17:00,17:00 - 18:00,18:00 - 19:00,19:00 - 20:00,20:00 - 21:00,21:00 - 22:00,22:00 - 23:00,23:00 - 0:00,0:00 - 1:00,1:00 - 2:00,2:00 - 3:00,3:00 - 4:00,4:00 - 5:00,5:00 - 6:00,6:00 - 7:00
7.12232836610891,22.453979276811587,22.28623261294264,13.421548418920366,13.041108624276015,17.622930134210282,17.384748484889595,13.295985477401342,12.889491371598822,13.030852854503804,19.490793798743354,27.791239509099253,21.55677244079667,12.024732924083445,9.40814391183778,6.707545380273663,4.800060863141953,1.8959138021248638,0.815995254738402,0.333992227483486,0.25576671138941237,0.3377019815708866,0.5958135369419485,1.0849894111134413
28.833830748951144,80.41857699724154,79.99132308764898,51.63509467312966,46.88155181444214,65.00781422740738,62.74114375669538,53.39665802372102,48.0719133752413,47.089776286290636,68.59904747549825,87.39766563379878,75.01709884683049,45.801109313060735,37.78563279256804,26.595509047953023,18.36254063020335,7.652251079959582,2.78627834020539,1.9049048848074004,1.3747687691675066,1.6037044994935363,2.385648343518836,5.637304834761182
8.808768259795157,26.760390274092337,26.44132869540618,14.283219596161164,13.478717907346862,20.65504323287515,17.53003502512188,14.984546141815056,13.453561904258923,13.59699879558314,20.975657535075584,30.432720821244143,25.646969960121975,13.89002790005756,11.843458198872174,8.364220486755949,5.939707513155843,2.2573672596541114,1.1978643071478734,0.46678710963100795,0.36732441123412657,0.36732441123412657,0.6068353955495568,1.6717438242928375
14.602448736933452,43.577764357574324,43.18163722054871,28.853550649761974,26.570582454686896,32.493518265423496,30.37037748434049,31.581370388382382,26.50453901801616,26.559334302537742,35.63288707788622,50.08992594630309,41.251420224212715,26.80056720932058,21.504913245798456,13.258763157589408,8.886558078332872,3.545535960449298,1.43134481926286,0.801277933316014,0.7455549648629866,0.7619025334722512,1.0046120255808269,2.8827040142213995
12.168872300551069,34.437923710886814,33.75505185405562,22.529569335373033,18.82914928418702,26.819818716807163,26.4710979183127,23.401257295606648,18.895750521619778,19.475654957928853,29.176568984514624,39.63744701165044,32.176977749991906,20.833241534527982,16.50030406787684,11.006634507168167,8.33530988192441,3.8143929722527194,1.5128258148711886,0.7252327124082582,0.6076652430150522,0.6076652430150522,1.1360378958977817,2.0900946711524204
5.72951057358896,18.199933841905956,17.776041980815762,11.564873856958865,10.475870638206889,14.414431293009368,13.989068498987848,10.595965605015087,10.811893804064432,10.491948675972973,15.60807339060539,21.653255936751286,17.06386873529729,10.72930181076305,8.014211398037402,5.24488727435851,4.121465275215415,1.7001371596557207,0.7397106241216209,0.30097120946866956,0.22860964021093688,0.2918539640371351,0.47940492967974324,1.0553045786661526
1.2233846869355878,3.8861120997079204,3.79560126023677,2.4693714063752408,2.2368437157927272,3.0778186527905533,2.9869937346907696,2.262486803711693,2.308592531033718,2.2402767533875387,3.332689194545384,4.623477240347451,3.643535593925108,2.290957206241027,1.7112218183903445,1.1199062631512406,0.8800293569014074,0.36301909911828856,0.15794554154162196,0.06426440166979414,0.0488135119968414,0.06231765625328538,0.10236417967621432,0.2253322417353486
8.807323697628846,29.09795290735165,28.439129142443736,17.465251902803953,16.476792433491774,21.366804222411258,20.846923021659723,18.765217118411492,16.471534016299458,16.33533862197637,23.19675849733081,29.675660120108354,27.32904635508993,16.576670614956782,12.680891786091328,7.996440640417714,6.046746238368659,2.546860082458151,0.9824671627454682,0.6379028337182977,0.41726015054347826,0.41726015054347826,0.7695618405164939,1.607600788906018
8.370640176722954,19.129221384055374,18.604813957940973,13.764015870510626,11.964998275974088,15.57555426201179,15.316780833840786,14.126781797099232,11.727650686496412,11.768516332547755,16.527972775994726,22.27088091112413,17.924055003509608,12.642715440328955,9.632160296574233,7.552102720934171,5.28508332313792,2.2260552106079112,0.774864084296779,0.3913011928187423,0.37741750442442024,0.5389356358446385,0.6510043426885433,1.2207733261317573
3.04283371660056,9.151479692652536,8.981518492783659,5.537926851690144,5.386733732354628,6.361800661985919,6.233918147535151,5.703467107629987,5.3743484245824495,5.435123523049147,7.140356815138876,10.164820523870718,8.973095735693015,5.418583137157771,4.918614032485057,2.95129426295689,2.0952427302668797,1.011992711075911,0.3847106050672804,0.19693471712122598,0.1907420632351367,0.1907420632351367,0.23837999158000606,0.49874032696731857
2.0966699027867386,5.859013664017704,5.8487771574123695,3.5452059630054618,3.457949394980698,4.27057940878923,4.175418540306536,3.6354722285851517,3.400021453658527,3.494030146863053,4.623820434049771,6.533842517487183,5.838551476629506,3.413536146665176,3.1840994392072175,2.1315093030664145,1.3488679688642697,0.6239520174569703,0.26670127909640623,0.13057736082051638,0.1275570549668089,0.1275570549668089,0.15498819906130068,0.43258164775762314
2.2654801761532712,6.42147979863764,6.407465772586514,3.8123574364645703,3.7174410979443278,4.606270747646517,4.5029017503905004,3.9175408515745875,3.6616775024731143,3.7564193635035186,4.981790213248616,7.127245235872634,6.396238917429117,3.6748776902398275,3.414351304165896,2.3079744157913606,1.4474707893293624,0.6785794421464993,0.28864392974302683,0.1312490388116977,0.127121884990757,0.127121884990757,0.1588706411148276,0.472634616941377
2.0771528042150535,5.8966887973426445,5.883871503743382,3.5103733138142084,3.4051230364208163,4.218050780268346,4.123509013180276,3.583001137471186,3.3541213918757355,3.440772739927827,4.556368568189458,6.523745807090976,5.855164018229987,3.366194345183665,3.1279156971718733,2.1108841669669047,1.32386353611064,0.6206319232378217,0.26399508461481264,0.12004098315025807,0.11626626901319796,0.11626626901319796,0.1453038294664905,0.4322738254097744
2.080297157246199,5.8217324604596845,5.8116005970878275,3.5315777817931227,3.4276608973949503,4.231983757645744,4.137795676204804,3.5983084202780904,3.3703251275354003,3.463372811871263,4.576553183620471,6.472110538782525,5.783927147587766,3.3837016658736463,3.156610387366438,2.1097198357941784,1.3350790942767403,0.6175736347568501,0.263974911079164,0.12924252680126044,0.1262530961848587,0.1262530961848587,0.15340382394918148,0.4281595588449336
0.34414387773054483,0.8500661306475248,0.8332117197071073,0.5576174522684318,0.48680369184970157,0.6889070167477537,0.6873668066447673,0.5352072367339675,0.4901397725468072,0.48770009415728355,0.7239828493400295,0.892283472982746,0.7575774079125479,0.4931527531530716,0.38874750797522506,0.2728895365348207,0.21815675827149758,0.07315704039428886,0.033724989645415815,0.026186714228275024,0.008273553091816814,0.008273553091816814,0.02722549878102645,0.06972598007726671
0.49292089009037177,1.2175586458711716,1.1934178960851058,0.7986813326875151,0.6972540399911245,0.9867287546247868,0.9845226955198079,0.766582945637276,0.7020323434073432,0.6985379664298168,1.0369682379945384,1.2780269886421003,1.085086077030235,0.7063478671704237,0.5568071380935516,0.39086254892034655,0.31246821583911144,0.10478359721326971,0.04830465683112595,0.03750750578817537,0.011850296977886136,0.011850296977886136,0.038995367811846975,0.09986925349001885
0.667137156964869,1.6040003709177961,1.571813880467685,0.9949395775901604,0.9017174559360921,1.26140806086402,1.2536354314261204,1.0138761763287152,0.8962010550584407,0.9054177602235689,1.3399244794613885,1.843604678986618,1.4978810439400336,0.9551410713992914,0.7850346543509131,0.6383766489779722,0.44471021256146315,0.1903403327075281,0.06458578742230109,0.032966309697163375,0.027243177312277194,0.03233616426159309,0.035790377211977135,0.11110605398850393
0.5347313390475701,1.2856565658489303,1.2598580850448757,0.7974752523403915,0.7227548003006313,1.011058092671543,1.0048280865868011,0.8126535296927457,0.7183332321159873,0.7257207101527041,1.073991462842081,1.4777069278436146,1.200598599550354,0.7655755023634058,0.6292298780502726,0.5116788905563351,0.35644917236058427,0.1525637418345988,0.05176753270480394,0.0264235303697068,0.021836260403153496,0.02591844905465878,0.028687108987674,0.08905498427918161
1.112343832729921,2.765364739749424,2.7126477015352632,1.6922736618242142,1.5178317603387899,2.178263467054008,2.164643850459357,1.6971112750224782,1.504927496054675,1.5301475476296305,2.3079152170246644,3.222074461187647,2.567010902727661,1.5934619041652147,1.3129364813325262,1.0660379978103576,0.7514370758046238,0.3119927379147546,0.10609594451785548,0.049697769293500144,0.0389057960228346,0.04811303438000451,0.0596326054595237,0.18527145272129283
0.9094382241685276,2.186565736391679,2.1426892644974482,1.3562969370723095,1.2292169807466828,1.7195455160121587,1.7089499042412866,1.3821112191113027,1.2216970491020462,1.2342612180897143,1.8265787273267908,2.5131931984634894,2.0419043706304287,1.3020438012412168,1.070155536249413,0.8702320354010122,0.6062268631858004,0.2594710433349413,0.0880430406351307,0.0449395178118624,0.03713777075212493,0.044080506527735826,0.04878927332134229,0.15145924849003498
0.7492811951734561,2.1796497289684664,2.1682826646861497,1.4161200603181157,1.2662014517678162,1.6426309303262527,1.6251271079301655,1.431221360339961,1.3272933732442436,1.283295642036563,1.8571909421458734,2.531663209592072,2.0473237003990814,1.334553392463814,1.1782120081060883,0.7250487821504853,0.6231859197250514,0.22157875488789838,0.08356694897686258,0.04794391013566605,0.034014691813213004,0.034014691813213004,0.052916112019175225,0.16721419917351069
1.7148422664016651,4.04740558548205,4.176113145171783,2.8363767943370135,2.5124579344611027,3.3458182676499786,3.1481688948206688,2.84249486678889,2.6333438419802286,2.5208483590173176,3.3254954937034915,4.854135261232715,3.7263824606851284,2.288636021687126,1.9754208942457714,1.2899053052787426,1.1313630622917143,0.4173933935879389,0.14976369965161965,0.08683704048432786,0.08102572095738048,0.08102572095738048,0.1109916665552721,0.38570717601961024
2.02188521931583,5.521636363345972,5.576462079104949,3.7616387715349604,3.264413505690982,4.571740457370494,4.500050080669263,3.631384122980255,3.421767255793383,3.301365275916804,4.656705800568138,7.5951759242173695,5.035328044293902,3.2091065495683573,2.7685484204557773,1.7081368000790476,1.4340673710254612,0.5822723329951401,0.19718006843682803,0.11692878754429123,0.07516229973529558,0.12402470223363515,0.1677886261709247,0.47142512927243346
1.8952837975355736,5.175896156397078,5.227288930711656,3.526101752840491,3.060010512310875,4.285478489389305,4.21827704387548,3.4040030686021443,3.207511473394837,3.0946485277284643,4.365123682289541,7.1195999313316465,4.72003829221128,3.0081666307547836,2.5951942839554922,1.6011809029691408,1.344272477444938,0.5458130401944162,0.18483353324662674,0.1096072291250858,0.07045597223467606,0.11625882933014543,0.1572824518199479,0.4419065932751096
3.9822523131592362,12.25468270177423,12.20815465734698,6.8739273149175855,5.9517698610570156,8.383749632264319,8.525892155843891,6.993665683650629,6.062390983466527,5.890664787304715,10.44602943150621,13.883678780754698,11.502876570521318,5.963815417159978,4.725311604648926,3.3508717674636324,2.7069732554069783,1.0103395609339905,0.43387923580267157,0.1647899389862418,0.19472075360275193,0.19472075360275193,0.2584837095425122,0.7452820796711792
4.3921492882902635,13.516068715425074,13.464751495634307,7.581467117040263,6.56439112934322,9.246696865207163,9.403470252396314,7.71353026865776,6.686398587900098,6.496996452892101,11.521249063360024,15.312738892570527,12.686878472154143,6.577676545862375,5.211692371356433,3.6957801493350098,2.9856045579704387,1.1143347619697348,0.47853883352328574,0.18175192235913867,0.2147635438682643,0.2147635438682643,0.28508968081962305,0.8219946649252824
2.6955000036270342,8.194129498760644,8.091521692387646,5.250938073683385,4.862719244899558,6.502854588773868,6.408366414934654,4.895854607005965,4.913494251538829,4.847938576301403,6.968901672489271,9.67463221428447,7.6368165435250654,4.767354413324357,3.5518620459811463,2.4983559374911533,1.8690467497355543,0.750995760431828,0.3267498386860811,0.13383682551206624,0.12891965122478471,0.13039178216157768,0.21176589646009056,0.49409277294870463
2.619917812935861,8.988665349331848,8.996519752659662,5.267886035121192,5.187205933591715,7.136258588201049,7.041724168648985,5.123514535629739,5.363980396631279,5.227753350177867,7.825765565386385,10.81432666742044,8.673224967609887,4.7665123733375205,3.7550328456390307,2.64413851857634,1.9283141465352165,0.7467361640079938,0.321534173385425,0.13264526595505127,0.10157794302675771,0.13411859759890044,0.23662779718786178,0.46859713954019583
2.7838547311848516,9.551115854177903,9.559461733486334,5.597515078452485,5.511786556265133,7.5827978784800045,7.482348127793008,5.444109776987262,5.699622381822537,5.554871158745161,8.315449586539275,11.491014836049715,9.215937325016563,5.064768809254109,3.9899976638475745,2.809591006443931,2.0489751371350216,0.7934619142846268,0.34165362951350686,0.14094531873289817,0.10793401070936096,0.142510841608113,0.2514343806812406,0.49791881160838475
98.745364839357,279.2643102080944,297.9482683047509,210.2991065266565,179.3052905818925,241.82021376012983,238.665912470452,218.7888020276715,179.50718175747005,178.858291245873,260.4870860648785,347.50725895859966,286.5351682990991,195.84608627546137,155.49998419227043,96.69506341004286,62.95515177949725,23.84640383943622,10.30953154905339,5.379696300630342,5.007289185648763,5.161738940817353,6.751026706585019,19.01586241686944
18.05093719415001,52.0481748701946,50.54933425059083,34.63961172406334,31.023463455242158,43.01915267036811,41.72774285326956,37.870598900391755,31.413972722290637,31.85648464528564,45.264404727816384,58.29228512759237,48.361583881967306,31.47618252579054,25.920538103481963,15.863095724605895,10.666659316735888,4.223429211818979,1.7303919151583025,0.948837322884592,0.905774323471742,0.9256349757312113,1.2119544749736166,3.3292410679928817
6.394423983588359,20.306965077683692,19.98082189139642,12.741328892998336,11.636711704394962,15.59926930586401,15.340890769145833,13.213007028894534,11.72935196888336,11.566747365816019,17.38163704592005,22.545096336553183,19.146815464844163,12.147331245105264,9.933311568449009,5.838550455811489,4.62012538667847,1.796404188668711,0.6870203043117851,0.4430209605449439,0.29033925455360804,0.29033925455360804,0.5341305062287421,1.2021754633465138
34.413968632370995,78.74456478673976,79.38470765629481,50.279737968080966,46.434407318057424,66.12743583609388,65.30793434152257,60.09429931645195,47.48575157027586,47.12401070597813,68.14865055046741,95.09331577280163,76.27774372440223,45.68142440295221,36.61155438192425,29.837261361352255,20.670762921631958,8.551443762032182,3.1351206981775794,1.3552876594696799,1.3120709979912282,1.3120709979912282,3.3061917015528337,5.515039632726654
2.8771999879003025,7.489435565675247,7.4064907699299045,4.564795697154496,4.313656958284956,5.68076109561951,5.555666959794292,4.917039407021251,4.2805474064628735,4.446803588757867,6.892509111396623,8.634765474357406,7.3944340817657785,4.483175652623293,3.9939316526583024,2.7585790907635936,1.9449092571647895,0.984310478311121,0.318017852300597,0.1827403402161102,0.15395850448862355,0.15395850448862355,0.18630146114406496,0.4100209151479779
0.6008469869630481,1.7719302939372197,1.7621933069813738,1.0886382186938748,0.9205691367109665,1.274259901368136,1.2393534648469582,1.0120156389315342,0.986179325242649,0.9429616687471172,1.5164320492266001,1.872912717850092,1.6067516905553918,0.955984855578928,0.8415825363416318,0.5819258395723808,0.40394727557550086,0.18260857946526585,0.06773190886558635,0.034537803093654576,0.026790816178002153,0.02792841356929658,0.035675400484949,0.1146973073163009
4.414156717574683,11.872526128112499,11.570932993687075,7.870281758657279,6.977665119277562,9.090727200053058,8.958943860552003,8.08247140152657,7.186250992542331,7.1374522597768975,10.174988665257189,13.621518292095333,11.059302826080502,7.462706796132802,6.437523181937706,4.355905973100525,3.7313787411038013,1.3492177679333142,0.508514375353686,0.24780231385878265,0.1967780196615764,0.1967780196615764,0.2995923644650835,1.0822582561109497
9.38698182349972,21.294026419183126,21.670360818334018,15.660651410769416,13.095821962199453,17.34175259127559,16.97393035130482,14.619121966988958,14.142727466154813,13.253537773119547,16.562815384997695,23.272937277098382,17.88925704579274,10.524426676463076,8.78493074648871,5.717393608369844,4.882684587153763,2.101118994131573,0.631986343501014,0.36644276165587086,0.34191963230413275,0.5365476659786926,0.7246674223672397,2.0062589972308125
2.5767645501374767,5.845296543483137,5.9486018610988225,4.29891227511572,3.5948561978280655,4.760381361619987,4.659412666193721,4.013008222128293,3.8822360011193253,3.6381498270495145,4.546559941949687,6.388515593273207,4.910673553079262,2.8889977716309834,2.4114990897601736,1.569447714530396,1.3403167056511593,0.5767656784148574,0.17348281233778698,0.10059002303866056,0.09385832465464945,0.14728450860443282,0.19892414406521416,0.5507262248571535
10.186196816578788,26.97497275117351,26.866563155259005,18.46686768813389,15.477140693246131,21.631680307839137,21.474422342123436,17.995730016255774,16.720972778881375,15.76238321583212,21.325362453026973,32.205879933440634,24.157933348178886,15.286513037260159,13.037651094406328,8.72426004182405,7.244780725734593,2.8022180622069204,0.9381603021407169,0.5523174019733816,0.6374810538455383,0.6374810538455383,0.8107692899176128,2.5100049435625764
23.779184427938855,77.37481137589712,72.50089346997885,47.15642101516999,39.45780373138682,58.00364125411167,57.165584795977935,49.731387916407485,37.68261804873775,40.211442688023816,62.34987820103116,87.47256206656415,69.00356155495068,46.512829756182896,36.51751588181879,22.52358787580442,16.71244524805837,7.488289804571833,2.9380228791857896,1.6795854235779244,1.0314031979832214,1.256388908419281,2.2057804170829116,4.233809027891492
10.412521147101964,33.08260352002108,31.8789660061024,20.28847342952691,19.03898590873937,25.827741955596334,25.5955743099185,19.349945684153308,18.931908762632737,19.057258510185612,28.41417751408137,39.47452291436962,30.998791660066264,18.069006199792423,14.675259628262294,10.416539203016297,7.63336944285262,3.1311698475169227,1.3623369085154093,0.5580135795837243,0.4210340372921036,0.5436499620631197,0.8829277402937046,1.7901932241164853
15.959108048144587,45.66351624261834,44.34323125352225,29.43432667138302,26.031222782641837,36.76097550870193,35.64563620042418,27.436140814175346,27.651826291197928,26.457682538860205,37.97017637892008,53.96257469832397,42.05052699228605,27.23706405301546,21.5772714414851,14.448884495420867,11.385281045268465,4.9459936106105955,2.178147778322642,0.8420785304364438,0.7497526774883795,0.7497526774883795,1.253832215794437,2.9773177199720737
1.2786132257546403,4.152026677734622,4.061647879954812,2.629324853006394,2.3765574628924915,3.307967224433633,3.2084734407747506,2.418023448318367,2.4737249685188725,2.409423286079275,3.4913243176890627,4.958365918404648,3.9006485780438824,2.3567467310439945,1.838203184919592,1.1956274170784853,0.9475626304327502,0.39041839654545835,0.16973739566989116,0.06925058133880375,0.06715279083101088,0.06715279083101088,0.11030646464696651,0.24281543637063377
24.959046521757905,73.84386171336055,73.18396392927383,44.948216329290744,37.43375728524493,50.24486325260171,49.85362265893074,44.71040470341221,39.067265972497054,37.17507761234209,53.2074384966185,82.32407917584608,67.64271320652337,37.47222049980543,30.137288846025506,22.462165596956744,15.843030995584876,6.023144758614953,2.99125962131474,1.2793989225998863,1.3723010255656796,1.3723010255656796,1.8171643675846612,5.445472104335618
3.4086101962349837,11.004239128079666,10.892069152785854,6.383676957726477,5.19046908756313,7.075486727641091,7.013525093665106,6.341443151773211,5.444633277518604,5.154473587748222,7.543864640196981,12.372546504906548,10.132583774141604,5.2597071537547,4.1586473660590295,3.1487566942947365,2.133812197904576,0.8127487300994392,0.3980220834888617,0.1670953595582683,0.19911008206717368,0.19911008206717368,0.2492217449594286,0.7541815964439855
4.346839402531989,14.192564452591172,14.096651410498003,7.707202539707107,7.235796821700472,10.798134197008471,10.668181127739686,9.574661705619153,8.228246243628485,7.0964665946153564,11.749336703307153,17.1721134652209,13.543182627683219,7.522017054954385,7.053367959383139,3.818365235938096,2.70277344519919,1.1737865580993676,0.43058399009063536,0.2384004105859978,0.1783042445103366,0.1783042445103366,0.31312673672685104,0.6771551846127236
3.7746599287232803,11.64221289964842,11.552091242960586,6.4799771516964695,6.091743594784417,8.891602084529206,8.769911615344872,7.860862063936443,6.770827667457075,5.934436236110763,9.609692079885022,13.998025383136637,11.118434515443129,6.286945821407441,5.756742574958119,3.3122021244240583,2.3952727240473686,1.0541884667935553,0.39702280360667536,0.21905632787836324,0.16123885474981628,0.16123885474981628,0.28406547510778396,0.6095895436455099
21.818664650093787,70.93364523492804,60.40870432172942,35.67677332142495,33.67138842134237,44.44128954047445,44.047405363703426,36.96479134435708,33.62569688819619,33.925095015321475,57.15698009400247,77.73793066532195,59.432460968267684,34.25644384912801,29.35029849992107,20.504555805568586,13.892948540198072,5.473754730535126,2.7497481392537826,1.1063242387130754,0.8847189927989074,0.8847189927989074,1.5130243779289134,4.021121316451708
4.20472574475855,12.767676936236123,11.21947283937934,6.8557268477608275,6.42915247934271,8.476972812896442,8.412461692533189,7.126704155986598,6.431370926501681,6.506460757199626,10.291089725074025,14.053511005945294,11.046149937407142,6.616614150728651,5.634873570720885,3.974292248152118,2.761755350223937,1.0847414718309376,0.5598678997847621,0.22539665394362632,0.17736927926187288,0.17736927926187288,0.29302151843813695,0.8039461047099661
38.275341951728336,119.76100114588458,120.73823226897466,75.2251689386146,69.74140851763431,90.51142186718128,88.82058203381973,79.1979693172158,70.19934286285596,69.735012986644,95.74995300079453,133.62348075851898,114.71919633743164,67.13761909958623,53.18871376429005,33.70551407968339,25.323040279656272,10.666829381634681,4.111145747049431,2.6755890262065978,1.7501359468179767,1.7501359468179767,3.182744042950652,6.59245571285325
18.43534376984027,60.05745955725852,59.56207032880188,29.61229167827457,28.197028276555024,45.40349818327615,44.82810473631706,33.43095292549011,27.9759332268906,28.281299958436275,45.41427125460316,68.12743193803784,57.844856338480085,29.106991446706864,24.480633425072444,16.951637498569514,13.920094827980535,4.782356193923377,2.2613842232150634,0.8726923591248533,0.7433046559571954,1.022873032317697,1.3360970621302937,3.368033138472109
8.17932518865498,18.083127965540147,18.069728500378606,11.834494434343542,10.74842210090241,14.85112107265661,14.76231259156523,13.290097391797465,11.0506636903249,10.912508661196778,15.629069983007788,20.77227900827365,17.223049815526267,10.940475021237033,8.948615089715265,7.466874973825359,4.946743286276666,2.1981242759015007,0.7834681352554265,0.3872426346853096,0.3332134663895822,0.3839030491885199,0.5623189749752957,1.22762883684483
14.440231806837833,51.419205544916714,50.35322418852833,31.278057151186164,29.512705666189383,35.795670021574004,37.23899528322808,31.611203516378612,28.498623322816563,29.772213809992756,40.86181155311304,56.60299395761042,49.01462789186648,29.493686201622513,21.218452936272996,13.604583878423004,9.882740133501098,4.227282232909214,1.614190727599834,0.9426362702859036,0.5428835979182026,0.72335041466434,1.230338037750414,2.542496014170428
10.425035583807812,35.79148333956424,34.240537593665096,17.7077091475432,15.750323319796895,26.732565530433668,26.342730843953447,17.204362954355002,15.748857704314721,16.120086194454576,24.604004455305553,40.550590232220706,32.94709948514267,15.866043722267293,14.036957849915021,9.41125341573589,6.47202641147802,2.5510796059771694,1.2428091864423318,0.4742132875072039,0.41105058004372924,0.5848952899494645,0.7477708479594537,1.9899689973014516
1.6437959972683165,6.260318113827708,6.112818950215751,3.7792693798406565,3.5820032365841072,4.325128110622992,4.529110527161948,3.8074862340394207,3.4451738991685454,3.6111819808418466,4.926192051825671,6.884486976165646,5.957782711907784,3.5670933663103956,2.498322186840007,1.5463343997755743,1.1040690974162313,0.46666110375555525,0.17046462233666815,0.09907557143730984,0.053615757883409366,0.07831962140344123,0.1367864238482839,0.2761371644589025
1.733068999705473,4.9797787890431024,4.575152430437376,3.0391813439426025,2.666707945575354,3.5989266750129865,3.557334627561807,3.157522026716313,2.807869749187306,2.6819051074589764,3.6663530329888276,5.0798229175031855,4.223592495582104,2.651998405061808,2.2528570117032234,1.5441751862557302,1.221590067208895,0.4736685813481537,0.20787093438906915,0.0887294494384576,0.09695860215092765,0.09695860215092765,0.1283248205179053,0.3927742397612644
7.215066786821222,20.731682669673123,19.04715297031047,12.652638976020862,11.101967625953046,14.982955857789861,14.80980095154441,13.145311760517872,11.689648694036004,11.16523604629817,15.263663478819657,21.148183725656175,17.58354799556199,11.04072925793266,9.379034420071916,6.428669084312633,5.085691292457183,1.9719644456317587,0.8654027479061425,0.3693960850751733,0.4036554748799143,0.4036554748799143,0.5342384813304495,1.6351872732719015
0.07507729989513964,0.21572617456084062,0.19819758540733137,0.13165865250239275,0.11552294351623461,0.15590706274619567,0.15410527723143788,0.13678522214959513,0.12163813400508093,0.1161812911529909,0.15882800178523543,0.22006012954845044,0.18296785672097754,0.11488571984848515,0.09759474176576657,0.06689433806089473,0.05291981094829595,0.02051952815428828,0.009005058934908692,0.003843798190466631,0.004200288651136121,0.004200288651136121,0.005559086819768888,0.017015150230402454
3.07259870751975,9.408530339049955,9.362325109937064,5.4230303913635405,4.823632538502016,6.676387008093366,6.830707300490876,5.60553539602553,4.878881259526088,4.683429099963545,8.103805324494319,10.725973464054402,8.931691337256384,5.013665813986008,4.009364667924396,2.832636879706246,2.3114042099153225,0.8854048804181809,0.3899729981243164,0.1455622409031007,0.1678115691373133,0.1678115691373133,0.22099150886288924,0.6541344728014148
4.828745981099503,16.56591117966265,16.423399419713174,10.19875925667879,9.448647921268032,12.253839535353439,11.917088923444338,10.12916853975213,9.25185608009413,9.47853941949629,12.974778127030852,18.118094695341696,15.701392344390829,9.149080794076696,6.642902253765199,4.247850055832984,3.101763205267196,1.3000289341750988,0.4991302693154301,0.2898917929431024,0.2224541482682198,0.2224541482682198,0.3964834416875358,0.793606774691415
7.059013582695924,21.76962221222229,20.982761889428517,11.900717981517777,10.549242994565555,16.299581736352284,15.993172978588232,11.608757063464726,10.527977798203349,10.77091512320205,15.637078092302264,24.505569901670782,20.12013917543905,10.7106635275953,9.390755434640726,6.402201272507994,4.586604712013177,1.783124218251713,0.9053100328953068,0.352783742744065,0.31347553778050746,0.4110723374873662,0.5450103315950983,1.401299791787178
15.010425388095545,38.08086532180492,37.05195377947405,25.684117562077343,22.84471483826221,29.528156671122932,29.29352901592052,24.979947608105206,23.006446260160722,22.604104332557107,29.589601288226984,43.70483093357649,34.20583923681849,21.04694577741621,17.7750589885204,12.13562673597382,10.109745797286777,3.9200460480217125,1.724388056938358,0.7377884301562027,0.8062141185795261,0.8062141185795261,1.0670253053429473,3.4618920333467256
21.242124053880598,71.26938988080711,70.57194611127078,44.76734252554806,34.54629637106721,56.30446828710068,47.80301370091228,45.89471578498843,34.435856633948795,34.99127442957666,60.189489594507464,81.8780836272073,68.63747941250452,43.250336904021125,28.02531031013977,19.784074575306366,15.801762018945668,5.869288400125779,2.58156938437638,1.092960202001176,0.8576542310484844,0.8576542310484844,1.4681074500385702,3.6269302853158663
22.916765734385102,61.552940434716845,60.08775926355863,38.580144575289175,34.99594254542199,49.98653349528031,48.10602337777251,40.139156497762826,35.69566671026319,35.16035473134157,52.388462111756944,66.36549855090371,57.48580203043204,35.81651884095039,28.62157291252219,20.48449452824362,11.70342543753193,4.252832346628565,1.50307520279205,0.9853452045248384,0.8981892034368653,0.9208800479132343,1.2620855944322726,3.151528766480629
6.304560952074848,16.933640167549466,16.53055868098789,10.613664940066933,9.627626141060361,13.751641521171294,13.234300165317027,11.042559916093106,9.82012510439627,9.672857071960815,14.412428716913688,18.257608232265415,15.81474222760742,9.85337236244902,7.8739929125558294,5.635426299793294,3.2196933840569746,1.1699836294109027,0.4135063970801203,0.2710752892778648,0.2470980698234734,0.25334047827296385,0.3472084869679093,0.8670073879876622
7.82207472030179,26.82442687524274,24.80783174116869,16.46452016290851,15.35388148205432,21.130888482462158,20.885767248856602,15.179040632786409,15.453995649323392,15.573908538506954,23.33645256653506,32.40707698468015,24.419979492067107,14.251309102118265,11.25792615317078,7.985553205053737,5.754798614634954,2.2817674630703624,0.9842482721230603,0.40604042937938317,0.30316823620139355,0.41055044493839654,0.6669737679155595,1.311269363535932
8.38251413102946,24.848457446336294,22.723949822983858,15.230354454206932,14.147649801803464,19.41200507328951,19.103229196020735,15.168518899608479,14.194366493855169,14.339353682688735,21.179583772461474,29.337804667181427,22.340214963987197,14.181216857676928,11.736961743376753,8.322982387732386,6.2050790146905275,2.640118163079593,1.1572333734327165,0.45584159614697006,0.34457154604149487,0.4184560901501007,0.6924726761404957,1.4869518761135463
46.7770856463673,133.60608335167666,139.67151887617442,94.60156714287498,80.2848956621043,107.49485892453211,104.91922690959439,90.80462455589496,83.04535049366181,80.03131756757,116.90043587881551,142.1191203291768,128.11898097512102,77.57314527323628,64.76178105631271,36.71164698339788,28.620473647420667,11.491026304869786,4.644745834313132,2.723353978242576,1.845463532970654,2.808863649887602,4.0739915090154195,9.29089493313109
36.75179832946689,113.46502985068328,109.80571383956304,62.92541342837102,65.38770451531569,86.56532657074,85.45050622794624,67.1238780978931,65.86128000013312,59.673019389733504,94.0996752239561,135.77735966987885,105.5657744770771,60.69611632433041,55.63774033072806,32.18014188017633,23.492624360598715,9.677507868079235,3.8207244227633224,2.1561967122682457,1.571526154563612,1.571526154563612,2.8652103644188625,6.002282724097951
12.806238035794456,39.15339222209499,36.88390304316724,24.962080444609335,23.31289401794448,31.71459685304236,31.241400655747903,27.753311140492784,22.898791694108866,23.624886020069976,34.20458673636245,45.06824077568426,35.64015791688236,25.89489294131281,19.466483902391712,11.988166096155924,8.17577909707693,3.085211309593769,1.3277457622559872,0.717257136912507,0.6673771949459514,0.6706727233239812,0.8992699227270449,2.3153864083511544
6.134220158244648,19.57751059888457,19.41621051157771,11.26755178139323,9.925358214235,15.98809447319352,15.206153528692438,13.661391075387245,10.709307346072412,10.070667723959197,16.960346364413223,23.804435582626944,18.830428483882645,12.31645619669607,9.940335238761374,5.752686577775699,4.174375961589792,1.8250591669846896,0.6828053428794424,0.37795202686246265,0.2098433842169252,0.27619920740747606,0.5017771690620705,1.082613564439783
5.410885230630647,17.268969847722683,17.126689942927438,9.938904693103312,8.754979897149765,14.10281046640584,13.413074428461448,12.050467262791397,9.446487321010897,8.88315480117242,14.960416366249971,20.99746432224447,16.60998215607632,10.864124405258133,8.768190861007923,5.0743413241041795,3.682141927577844,1.609851853522386,0.6022903074674291,0.33338468253187453,0.18509907357642458,0.2436303512948352,0.4426086125220763,0.9549539460911529
9.86488254446359,28.429589106180604,28.095693211774275,17.24989076188555,15.323563608151236,22.590829606402593,21.649970795382693,19.426921288860942,16.5166809623391,15.634843928694098,23.94233231709369,34.114629432527686,27.314968233340533,17.59965270167237,14.19422128514629,9.355384234521317,7.0668439434710475,3.2819556549207083,1.239567325961933,0.6440412248099096,0.3612094352025096,0.4357415837225293,0.8575307168146857,1.885444899154116
18.91993784896103,57.1180747830377,56.96322155909118,32.61289796413692,28.239532178714796,44.19309490917656,43.55823933405928,34.153718947049576,29.710980242714996,28.438863369738332,43.63715381786241,63.41351423082928,54.3038970742762,28.715479552591297,24.42896849091178,16.870711165339987,13.955473362213192,5.032864090598569,2.3456723287803687,0.8989012377930492,1.0234943158396592,1.0234943158396592,1.3647051572312885,3.7840545436109827
5.508780104882403,15.956034502414845,15.781758713351731,9.66482717138347,8.71378242672909,12.62758711957354,12.385543440489956,10.909594672071034,8.59616128035477,8.819064830387976,12.86563674732516,18.897485731055685,15.292479688229035,9.923888303475666,8.018733386273853,5.260873941812188,4.007207272093962,1.875146299735036,0.7437014878999211,0.35652263597685985,0.19995511935764831,0.2987267542191174,0.4747042577594852,1.0115289730316248
16.076888264980724,45.98354903122129,46.0630909854694,28.071375323131416,24.272609427083154,36.81444522414922,36.12091767672059,31.672772012022946,24.564711613849354,24.51790120570997,37.80744346455475,52.9266507334939,42.4582974196287,27.055425819213216,21.658208351936274,13.35705463739726,10.056970056449043,4.524857112880673,1.7469892316491729,0.8837709846653339,0.6311395008586578,0.7764560500113998,1.2092828517268464,2.943492499689995
4.0751747027197895,9.307406936546505,9.247842616862474,5.922325765287198,5.418376813254861,7.771906440413455,7.70087092201278,7.0190955235465875,5.566118945929158,5.505495261971398,7.995032761638669,11.00350120539026,8.754119703424163,5.237237413289932,4.305961334185821,3.524832335572235,2.4354320598338774,1.0139018851345303,0.3717155692609196,0.16068967429066305,0.12579557955624215,0.15556569104741594,0.31815810628031443,0.621767964383861
38.64602292726813,105.71508003470386,103.92105645189983,65.54433147041837,55.90749158549579,77.98650402219016,74.48642961587682,70.51783677124452,58.99650125475079,58.322286815171566,86.15247230937729,114.27665872915557,94.5821917345154,58.435123903550654,43.53729751872044,31.681833835576636,25.022467348223785,10.044133817177027,4.254714183464877,1.926467836655361,1.6468068508894964,1.8461873202731784,2.3332941432615883,7.063376102683107
7.946366539820603,21.05041727162155,21.414905530474208,14.197820752692772,12.836725836403332,15.541879395905772,15.416991694772136,13.691993821937892,12.655477743114924,12.918069494030009,16.1422588550506,21.975804086646843,19.54656465307375,12.126292836422593,9.210591322730666,6.5383787984610695,5.278628792121213,2.1879043616442524,0.6740890093626053,0.4534585764260215,0.2732620735729217,0.4864197639469931,0.675318546448031,1.5886727489133097
18.833591613105387,63.80660300908434,63.66480914899016,39.46446150107546,35.325499427000985,46.60000725402457,44.586715351684035,39.056999080417626,35.60667419923379,36.61462548164447,50.049948286332544,67.9498509206758,59.72090188063637,35.238170228096024,25.41693716202428,16.371473874044444,11.930977537912495,5.013948062116977,1.8971577812446994,1.0914793905470066,0.8236523010003891,0.8236523010003891,1.507305624870517,2.996694954994708
24.79769973887244,62.04718728293314,62.17808946034462,43.52079073342548,39.57595224109766,47.38261900788974,50.344343413946355,44.59167055830305,39.9439303668751,40.79633477220274,52.96906321141599,66.13421176460666,59.98740146323258,41.01489900966849,32.277947306312065,23.11382565460936,17.05231020176019,5.7755858888477905,2.250476896756627,1.1489834095294513,1.0438733398411129,1.0647879056379694,1.3957425161125476,3.8188022751440167
14.682509424367309,45.32071000482373,45.24740105284662,25.84959510182727,21.927133518945105,31.484535984490538,30.807258196958287,31.365822627257764,22.47106368963058,22.33050991829629,38.53200973017673,52.44021625993873,42.421284131783004,22.368452960438265,17.963058390366687,12.500300788591229,10.144169679801953,3.753859660414608,1.623741036936373,0.6109812332364587,0.7219538213608705,0.7219538213608705,0.9728522628539629,2.7719922156596324
28.841452172044253,90.63087056512701,89.18101724559605,57.836628572355735,53.76389323486471,71.09583070135376,67.1864742733652,56.47087001783971,51.298316108261055,54.473250346955496,79.2668664213104,99.18807242359043,85.11585471577584,51.947363784144365,44.22127165882817,25.272098561548045,18.88920982231987,6.861138104914769,2.6242840283335993,1.6957600130203283,1.4569392725370025,1.4963839439730673,2.085729987503443,5.225065393120261
15.367277502308841,47.53563768633934,47.82076643071304,25.558602930664822,22.97681282365944,33.111684423096094,36.18575563345152,27.156566684466565,23.425380961332664,22.946544137109218,35.150922624897,53.228255174765344,44.836210876055496,23.63566924744133,18.846481500155704,12.784398038837836,10.694079183792953,3.715633418529523,1.7370724288900128,0.659750538745891,0.7633034013889033,0.7795811011565887,0.9970420569197455,2.9741764204175034
16.736318373807208,60.699417408482994,59.579377448808614,36.211636824450736,34.19387142832204,44.637794054763866,43.78528675810476,39.40167642831392,34.1021906960218,34.450591880525806,48.596174450245336,62.584863872612914,57.862133663927466,35.51384817481314,26.073713613982246,15.904453857990905,11.668453323675703,4.867709631541718,1.844888358715989,1.1803117145094697,0.6553830005311228,0.8177908352397348,1.4694599956936625,3.081494157104221
7.477194150603278,22.672560921589778,21.47862848611755,14.298298519231613,12.900231413037474,17.479341469532084,17.257082808276234,14.479539769774851,12.915521898516166,13.265209639680121,19.987489579759234,25.211751994451493,20.90449655268527,13.696441318142632,11.518549085331783,7.488220973219085,5.6344653545418915,2.246121635914202,0.8904640167721437,0.5686928722060139,0.3950438775515794,0.4408684186511228,0.6730603278654399,1.465444105302837
56.849234355352515,169.47774499351476,166.001064732607,107.78665619539306,99.50731711731828,133.81544249604113,125.69024106709298,105.81048987399032,96.56981265968261,101.04981075589473,147.6569929870254,184.7152146058577,158.51650538131545,96.21718063919052,82.04835549680622,49.82521950198305,37.375764723464556,14.726284696530918,5.479124553162872,3.5728539827927137,2.9196746090351122,2.995505312455087,4.298530128794641,10.591935134338165
1.637421505612654,5.179438275237619,5.065900897651236,3.2841402796145656,3.052348213366345,4.0524051386211974,3.814391078689639,3.2183851564856005,2.9236657189882203,3.092620685902335,4.51798074830004,5.631224181009772,4.847402903080849,2.9492180252452584,2.5105830589865317,1.4347778825350437,1.0724008695053193,0.40383783853553334,0.14898899955510359,0.09627372079304951,0.08271510335169968,0.08495450353536455,0.1184135637854494,0.2966436777139969
3.841104648859228,11.451020608362452,11.21611343917711,7.282768728408293,6.7233626399553055,9.04144310981919,8.492451565156252,7.149246056904724,6.52488570079831,6.827583559606335,9.976668439434093,12.48056332830431,10.710407847098157,6.501059584077334,5.543721446801934,3.3665164435320007,2.5253501698295344,0.9950037366324468,0.37020535160208573,0.2414052924128463,0.19727223842312167,0.20239585478727604,0.29043670065575805,0.7156601447015115
5.161177309154851,12.351130788304273,12.741767911197371,8.661018139450642,7.963933189366203,9.727327054396685,9.947291876112338,8.951839323807507,8.037643539327458,8.009156763966017,10.903140159199404,12.566416977778541,12.18541574699841,8.146458402699544,7.012434850779571,4.681292480271387,2.9751305728065858,1.130894520451033,0.46010235341005334,0.2196964707740704,0.19820389193619425,0.20183856533817204,0.2806254765259564,0.7656800151111768
3.824902049000062,9.977975837581168,9.417672922348668,6.576608993216353,5.640395969178287,8.123394765114032,7.943094306185763,6.675025032591469,5.826433343903081,5.674901927659088,8.315954317083936,10.511325850506548,8.695735632806077,5.755853554138721,4.595516757309849,3.2209286227894607,2.262986714644558,0.9272482895684055,0.3906136158015265,0.2238276742066144,0.18815012610706056,0.2178088963585174,0.29055604079123587,0.6926461249397969
32.074339620528356,102.83627807309537,101.77814355751799,63.218447321079076,58.756785293129504,76.23391985774842,73.63157986431528,65.41171646254202,59.21913377879277,59.47323963449986,80.92135239650514,111.90267496857066,96.86108785708704,56.966359496864726,44.36978181069831,28.578970880625885,21.066013546650243,8.967290978099141,3.51131287758887,2.0330486108832693,1.4996941481113208,1.4996941481113208,2.727298199221372,5.4574737018270145
40.87633052010666,104.35953599544405,109.04093459174634,71.11440217250879,62.7852920328574,89.80621545662855,88.44094716686092,72.63267724301303,63.660835104533284,64.36474892452462,92.43054694693171,113.56989717773544,104.09890330928516,66.18824913116654,54.27563748256116,36.620193768251355,23.79802468333668,9.46570547898821,3.798426347392883,2.261040152852314,1.9414305978448165,1.986346985851505,2.669784281182034,7.310355209839876
112.23778327449865,299.1718678988104,292.99684024442104,195.58627478422954,187.00935380346922,224.74582485103946,215.40355269975964,201.91941010023635,188.04080365012555,186.73681512515532,204.5210639374802,257.8824237152839,282.7100982805276,165.0864540076658,148.93603599536254,103.77595316649625,77.09644200211838,25.67035103108496,9.543254108336535,4.605133119331497,4.278965038405034,4.362433498489266,5.593431098881585,15.694596298633464
18.27774258533936,55.88619821064026,56.17408890522908,34.01999686151461,32.80943336924715,43.487462359038474,43.137291999879366,33.516272523647814,33.84240892416434,32.86182979231632,45.84375731459115,64.20843568534112,50.6554070548775,26.599564340277933,21.12420383094015,14.703123633943884,10.582506675842238,4.340568948518398,1.9401271318147117,0.7268200365178569,0.734893049538527,0.7672161683819784,1.5354426299653743,3.0786856753053624
17.190608123169635,52.56216562014041,52.8329329804901,31.996535221305077,30.857974345604944,40.90088916587291,40.57154644794437,31.52277169969181,31.82950996508776,30.907254303008457,43.1170350063334,60.38940809647836,47.642494576902024,25.017459606172984,19.867765851069873,13.828602487288519,9.953074039413867,4.082398002772445,1.8247310944682806,0.6835898013941932,0.6911826429370488,0.7215832280619376,1.4441166585043923,2.895569774630772
43.96695885380878,123.39976393196169,124.22841770177399,84.52711842154893,75.55590952284308,104.25837767134637,100.77782665457434,91.38754149392403,76.86470670061206,77.61478690924339,110.46433553455161,146.19222334085973,118.40415394113198,76.5588295066739,62.37427774538587,40.060466493262226,27.88603226768098,11.427457981334053,4.577959821888974,2.5397205190581977,2.4638649436409796,2.513341689810303,3.240126859883062,9.252368466199288
10.424473804703604,35.00809040080255,34.69933069374357,17.092995052290583,16.262032308915266,26.040781569439734,25.730718452364933,18.210817186651294,16.01971966234749,16.2874775131654,24.92943903614636,39.61461370238629,33.59633496878059,16.34850502833596,14.207953726908562,9.72758503914935,6.825151957752645,2.7311847556599536,1.3363343299374626,0.5183251850676585,0.4414769068758922,0.6075231990210838,0.7867799328793418,1.8979856875677825
22.82986144815737,62.98413308758316,68.166078774181,39.330436398527475,31.347056505613207,43.25778878104019,41.73746482976715,37.6150252429006,31.86005402992277,34.644500192915565,47.9765189732237,81.51210930223269,63.83704563412012,34.15227775210207,26.975823788955775,20.9566799928392,13.420902779117421,5.1570166169886615,2.5828780359491317,1.077242467535735,0.9419326568871377,1.3355490927859188,1.591606216660829,4.418387437805409
36.70510055882837,90.06112453773831,94.04634703493855,62.25194468102352,55.191803035044074,78.6213904947343,75.81447462830992,62.51918694504241,56.900328722944124,55.122893476909795,79.0425751829757,102.2265877667584,88.5203118941411,54.90399028888908,44.06178637006876,31.149464108022197,18.731330904815003,7.09815468788799,2.588623558792595,1.6804988221580146,1.518419404713207,1.5562727361237596,2.343920298099382,5.787285768119054
26.399766977088486,59.06475845692221,59.99251869919063,42.60838360181451,34.53230918187294,44.15865360181327,38.72527574150117,39.59771386432562,34.446871524292874,38.25133418747362,47.89807199385555,64.35481779758351,57.343841865128105,43.43756942428447,32.857259728575094,24.870194352900644,17.07260059153624,4.795571016405602,1.9867672424804006,0.9686066270655149,0.790936431455665,0.8650420080649565,1.328339397409537,3.820063660831556
9.599212089471399,21.45208874433657,21.740598678099577,15.462737721384343,12.69639160112244,16.177505213382776,14.544546110597883,14.473979059117545,12.695037283573951,13.955193981025742,17.575633166379877,23.47407377676711,20.766906205209445,15.481125097631363,11.936280499058546,9.012699345347862,6.219722569166876,1.8931240277413945,0.797413528582783,0.39075392824428523,0.32295402633088754,0.35293022352653036,0.5341256147870143,1.4774935609382667
45.10321918590869,121.923857375609,120.46742636879675,89.71358592661181,78.25044743919374,106.73085340095635,104.36915427960211,93.77026803353196,77.45780150334357,80.32238258870052,111.55464325662746,153.8029228006071,118.3333273416647,89.08695383408312,68.54141240474614,48.47078566619059,31.649309198849433,11.771872641865563,5.138836042617156,2.897162205577848,2.47848978257455,2.5523505007442235,3.259304180720895,8.7073620824836
16.090021295570363,36.630764290330994,36.13914990186501,22.92839657110067,22.47569551608618,29.164127310319262,28.487306461601868,22.468697198606773,22.562092643517786,22.588681126068053,31.404180588436507,41.369839052152344,34.83828631279836,21.76002958341514,20.508488102475027,14.927473797345007,10.999820061197155,3.7092280776932287,1.5028789015761155,0.8278130583998031,0.569108448069583,0.6563168950911216,0.9649851921604741,2.6210410395466215
24.747942203055626,55.57897907487337,54.755004975463514,33.75729248931331,34.08549864612453,44.22910755142625,43.18174451495662,33.12002758803052,34.13700678626849,33.76517106373763,48.02482213453803,63.01319484739881,52.93296823786418,32.74675209645587,31.585324701590103,23.08246596927381,16.884807053328515,5.343292622247753,2.0786278714736706,1.1545870152270006,0.7911991725592561,0.9197604486763957,1.3388705516700472,3.7667753075086052
5.010201310104089,11.251920320906382,11.085107416686599,6.834137144325555,6.900582220984767,8.954147814824374,8.74210999711738,6.705123369479411,6.9110100031863295,6.835732155481579,9.722587227727956,12.756971419599534,10.716237521368562,6.629554041671375,6.394423984893209,4.673026964860523,3.41831582300189,1.081745361961844,0.42081656726959704,0.23374522733470948,0.1601776462214387,0.18620477481038528,0.2710532834204218,0.7625806794642176
26.569325464839647,80.2328232860908,81.51753521198151,49.135927649504296,46.327243615633925,61.924627437145666,59.536633961511654,52.41191595934522,46.44684666804303,45.8486144986768,68.92477042097411,90.7222676160223,78.4330914409135,48.35146593694609,39.59238862001705,25.036955085308158,19.59655652067839,8.133704742748414,3.1257796302111633,2.0573024548303196,1.2243502877235892,1.2243502877235892,2.3930009561823753,4.945342329670468
32.18430996036002,86.25183055596861,85.70783083294344,52.32749486337821,51.487743963439456,67.21470904442894,66.13619487369462,55.10959626855416,51.624276011668485,49.272878008444316,70.89755672791019,101.74991658376919,79.91401234427391,49.23138827532774,40.73613103988805,28.32746032488385,21.679624563909716,9.547802693151995,3.808771631796759,1.9875246593122804,1.3103554433944633,1.3103554433944633,2.527729660203727,5.403307188085762
31.17407006298049,106.62917752053097,104.67660717016223,66.48775963631434,60.72377430198563,81.33385622819902,80.11949038959115,69.14239236716729,61.15101322807473,60.29972668809863,91.37097351370943,118.363157202341,100.57243212146675,63.95771923087467,51.910381571834826,28.366996697231972,22.631600727394304,8.404331239066574,3.2098117727694806,2.0124564978881923,1.3978181814605113,1.3978181814605113,2.5027211355368535,5.683326708259757
63.476133159090026,189.37209227513856,186.36400900373187,125.05014988798146,113.32569124847042,140.10795468395,137.83583775172423,138.8238836189201,116.64452469677208,113.93366039073227,151.70155740292762,213.96722838937325,175.91283301055998,121.6793062743163,94.74980110367842,59.1952445661229,38.38699024318013,15.025514968308002,6.179322061115066,3.338111086933502,3.121307461740543,3.1894111717643043,4.620359451913328,12.626021835738285
51.93055827425439,135.00343051619296,132.95156096994688,89.59968044051736,85.00572067443335,103.65001636355588,104.87457774745518,92.46609593700393,85.7373711957184,85.92772743434337,110.44770215131342,133.80144656556402,128.34527456969732,78.74746915381219,69.03119534345576,47.619465933253366,35.27503914840704,13.221023092627343,5.20059982936316,2.6838877639239813,2.4219575374177387,2.4656608078017666,3.2489892448042927,8.72676456894653
44.89160329411152,103.73542368266925,93.937624218466,75.55461977689686,67.16769670485172,90.82950967842126,88.623555061084,78.29954359146781,71.34132299875996,68.29338238794774,96.58852507146132,114.93591967879637,88.03365411608901,68.15617280339232,59.15901998806067,40.98636147667373,31.101870445016985,10.137878283413603,4.689370121849465,1.910056491544236,1.8343475488237833,2.0283109056556765,2.6018727862080824,6.8088413729806865
92.2020648695473,238.30630864208,207.3779397489175,136.58615967620258,129.87904881713527,182.4977349520537,169.19788041728958,160.85947489469,139.58140909055834,139.4643013303447,175.54677919509103,240.714451500834,199.6376113745,143.41524798564166,116.49511524198877,90.28882924391688,65.17359858879873,19.583564886347812,8.485878127729558,3.927589334569878,3.3604090441061065,3.4113544918797216,4.973937854830335,13.28887943723812
84.79424026455294,196.5649633966732,197.64534099265683,138.3560133288518,126.59971838944874,166.4266087091342,156.96123956476598,150.80314340087182,123.96586304613479,134.45848416474843,176.7615812047226,210.73906864154273,189.25816175108488,125.69371460910433,115.75962543908861,79.5121204403702,58.046135678553476,20.35774556225858,9.09267437133753,3.770559206419151,3.7045351754048026,3.7566028661334223,5.013442599599763,13.66257564351971
27.407319313060245,63.534017178106794,63.88321841700483,44.71963454540248,40.9197475679679,53.792653756316106,50.73324319085421,48.74281427259508,40.06842896197065,43.45986942457269,57.13313879863208,68.11539236598564,61.17230198102461,40.62690769076319,37.4159967477843,25.700024758388224,18.761757525839677,6.580060525079082,2.938947611623381,1.2187257039712984,1.1973853193567305,1.214214715094468,1.6204523061499712,4.416037836208078
26.941738660224935,72.92879693115722,75.54514849574207,48.54795340277303,42.045788402466975,49.59259798306365,47.95007174167408,43.705386339837254,42.60736898205376,41.92615026710892,52.900117603252696,74.61281996618423,66.54816398021147,36.70526178546537,31.91493643110895,19.873545913196807,14.92520463330903,6.5521132862351,2.5121413136463286,1.162807103551249,1.1154429264097028,1.1688912701938114,2.5966398935748782,4.80468904959968
1.5279283592889057,5.249955857285187,4.971696635339234,3.6549137219443057,3.5113691778116625,4.293076261404182,4.184435148067511,3.8884157595457047,3.5113691778116625,3.5310942581495244,4.77405704570104,5.631996484128106,4.971696635339234,3.7654305044540224,3.0599077942741446,1.8061875812348591,1.3222908502435564,0.5996404992410125,0.16243541576740622,0.1427103354295443,0.12298525509168243,0.12298525509168243,0.1427103354295443,0.44069463771335965
35.20103296999849,103.01531648429184,95.95712948903846,57.40383241618869,55.14370822926107,73.77810487628126,72.60167687743669,60.47555294908304,54.54319021396185,55.69739227768764,95.78187888201032,131.69010290808697,95.95712948903846,59.09430951500309,46.32360899666634,35.59277866147971,24.24575746462338,9.329956637765642,4.712489245217848,1.912180776322376,1.5693890736345457,1.5693890736345457,2.012801475139247,6.344984477052916
5.083005090900841,12.55056147146674,12.267694124982006,7.5663189125528545,7.234924983012991,10.35741656473935,10.3271496151446,8.05096873490597,7.132738264889718,7.408050691456444,10.850990100009835,15.484260545411976,12.044601415301155,7.604820800202568,6.264504815978309,5.093398501382287,3.590273971141531,1.4906629472881705,0.5069133801233563,0.2374498321462148,0.18588711055780097,0.22987816354709723,0.2849172580198137,0.6999818223935959
41.48221684806905,136.80984936953627,135.84677422296147,78.2096901399555,70.27869824421718,111.63631550677049,105.84427043832788,94.55811241378231,75.2785648289723,71.13883663808032,119.17000788779694,169.49963505121625,133.9847111471045,88.21018687449445,70.91117861381369,41.401746305894065,30.058731963749743,13.119794540945483,4.916725990634736,2.721546591670199,1.51103448721003,1.51103448721003,3.135370088194594,7.155570979284399
13.292551286444269,35.346007653722985,34.67848598122006,22.694175450120543,21.23573594721698,28.957680138861676,28.243184950352276,23.86265782508014,21.194210488297635,21.909861800177328,31.134949127205022,48.09539769980172,34.646162421322366,23.009683532789587,19.517609962625844,13.203231820168003,10.504406694772747,3.9390905929434847,1.4359498794045595,0.8430475146564187,0.5422547425649391,0.7233723495322779,0.9627351154431913,3.080092411995696
7.279411409080308,19.268883591903386,19.033766084243513,13.56903506269766,13.14488129252448,15.154269000092386,15.073003823531842,13.918774944008076,13.03092143236942,13.286831745522264,17.113481724839346,25.27808577227499,18.99489777069566,13.254049276377463,11.9651346641492,7.062747457739338,4.975573252647431,1.7663688506172235,0.9534290722105206,0.39787408197657964,0.37769910581238775,0.37769910581238775,0.5027468080156796,1.655312205846426
13.466808919995664,32.82156338139802,32.44628845686871,20.0358776674894,19.0659369493099,27.348260649989886,26.794842988535844,24.358145807586876,18.73653004842823,19.464955595238305,29.03004219141444,40.9704257173601,32.44628845686871,24.027769116509624,17.406334467889764,13.644674765571569,9.49977217475453,3.9474111160804455,1.4059150526838873,0.7292613358522534,0.5883857573133068,0.5883857573133068,1.0085433268531176,1.932517413150276
20.94442840461197,68.96630129785764,68.83610893410804,36.01935639428073,31.781479267157206,52.77567888929149,52.354738738912125,38.72984415510596,33.22549121608747,32.038492771735235,50.907472175458146,77.31751456199649,66.0372582909494,32.42265412881304,27.599585544774996,18.905686163251268,13.56636758650987,5.35343338859911,2.524615633127006,0.9742761756888587,1.1419382967224738,1.1419382967224738,1.4916224743239537,3.9418573939887485
42.437747112915275,116.74120421448288,116.86370143747476,79.84529389166326,71.09802845445522,95.56096151032287,92.88340384702853,84.5459136966544,70.78834587643448,71.7197037548232,102.75919550041012,126.76483368813999,113.53505595909654,77.74191655042448,62.05717323935887,43.52962033914648,30.520766973024582,11.847801532385356,5.170079227699765,2.73997898901267,2.4999797498550502,2.4999797498550502,3.2830994674229705,8.825992331505555
26.56451635608727,79.16177719918129,77.06651452978565,49.63784496502266,44.49386368446858,57.61331180033512,56.454517295313835,49.87180509937707,42.172954040720214,45.251039101843624,63.948875082318125,86.35722914379903,73.14623600512321,45.1595375927861,34.49469187261995,24.07274908817858,17.95853014315932,8.001695865973355,3.154430308090782,1.7490720922723992,1.2609515971478,1.2609515971478,2.3542994985167183,4.607528039232285
40.55748118912473,106.9969255852268,104.50025640776059,68.90642233734971,65.60883393923412,81.39555485584597,78.94786312947477,71.379131891888,65.15397765598237,68.28234664721775,88.20807733522466,119.23667655712886,104.11381379011317,68.74392580781279,52.453061618725,39.63798284243175,29.76048655771702,11.63963365972038,4.06343569193611,2.6739798352315045,1.8463058314950336,1.8463058314950336,2.709225689997209,8.39877408131361
11.207602704258505,29.275002071763954,29.72605550801396,21.685518253778405,16.92993764572916,24.937265610000857,24.657414258444195,20.465535416689587,17.882973961304177,17.143623897502955,24.213029028487178,30.98798970229698,25.906546917903285,17.46877894187684,14.625222186332277,9.132208017483883,8.274751622125203,2.4010198273942347,1.1742245410476706,0.8731306450398518,0.8398164848881423,0.8398164848881423,0.8731306450398518,2.4746382133526885
3.0415496040877037,7.934207953283679,8.03029071208727,5.880683423701087,4.540280923565963,6.713371234667014,6.651183593009788,5.437458396848193,4.886237201201926,4.594964905309351,6.443916078028733,8.323087748503845,6.913226718654339,4.6542681952320715,3.9407320630046416,2.409816008993965,2.2227076842142766,0.6413967365639613,0.3119864614692882,0.1952567006599267,0.18499565161689616,0.18499565161689616,0.1952567006599267,0.6881722207322675
2.17462841882398,6.786628789680157,5.973040532134331,3.762600921566543,3.257024873296226,5.298716148977462,4.434675176074855,3.691727876286908,3.4444367137981216,3.3180274894372377,5.403419445936111,7.380211899583859,5.626350315558382,3.2714391611290905,2.826993688517331,1.9545802448946181,1.403444665308663,0.5293442756167955,0.2681847759387165,0.10879143305613287,0.0863435123757904,0.1191139765828846,0.14495084516407358,0.43034031653403687
84.43355681779762,200.46013533981468,192.00227219002147,142.2743509473495,124.57630342498501,173.5697520893538,167.22994064305334,140.80679242727044,132.3272677267188,128.41461227973443,169.0113873198055,226.2610484383774,180.1652767371873,129.7464678582316,109.1026228306708,76.52420332283717,57.21972292972572,19.39812430378224,8.92513883835764,3.747261646503991,3.4470733479007682,3.8101213985472913,4.824055713460793,13.341826221734065
15.484048792424273,36.23889523037398,36.07644565925431,27.026825230828827,24.39778512437512,32.57028404226751,29.37306987489999,27.034106429114562,24.446602515972764,24.654064493538954,34.99296577913574,42.32852979437898,33.91955885813792,24.598020525639008,20.82199379462929,13.796472016265222,10.26728459777367,4.1108349259159525,2.0545199896888624,0.8878463860122641,0.7373210046025962,0.8133325686508803,0.9766705485009257,2.699689534002225
0.26936688001614806,0.5360618921121245,0.5327375009819989,0.40281976102261974,0.3287475202587753,0.47407215047951723,0.4722623509895954,0.42607265230094177,0.3307924612079074,0.39872987912435554,0.46048180907836145,0.5895293377964619,0.47628135618273254,0.2968269826133475,0.21185972145059628,0.1314617977973773,0.10608282137850672,0.04267699904506939,0.013093842349083337,0.011284042859161474,0.011284042859161474,0.011284042859161474,0.013093842349083337,0.016948582788137306
16.088221958421645,42.20917668864421,41.75850806008436,28.024530535969845,25.64689937772573,35.15382257976452,34.80430341426742,29.22844294989904,24.322032035923108,25.85299552425088,37.39591181784921,46.24848662837767,40.4315909963867,26.6045198483503,22.0473343248074,14.591042686021272,9.011597407244105,3.4475456956282,1.4233521361016457,0.8122045746741602,0.7091648425565158,0.7091648425565158,1.0336041436688261,2.460195067280949
2.858942978392356,8.84357541967629,8.8966210435054,4.754946891221563,4.2746281947578,6.160129383355728,6.732032526290664,5.052233593630014,4.358080239359632,4.268996979413058,6.53951120537542,9.902635412232803,8.341371478621307,4.397202472879409,3.5062174119115297,2.378421617011669,1.9895367014933643,0.6912599886732673,0.32316661313547024,0.12274062012316433,0.1420056935560602,0.14503401236192617,0.18549065619230923,0.5533186208406277
2.6527609906837006,8.908660361511457,8.830088941819133,4.349728469575755,4.138269781911067,6.626710451625421,6.547807347542154,4.634185508665528,4.076607433440845,4.1447449332231905,6.343902304678182,10.080902293915093,8.549404843332315,4.16027486927903,3.6155595102724485,2.4754206887421377,1.7368259739734166,0.6950164117536213,0.3400627837320692,0.1319004543726693,0.11234454024141183,0.15459905924185147,0.20021529655082684,0.4829886368541698
0.8514923272546499,1.790720269488115,1.8416202434880418,1.3178533574725504,1.0676791640195356,1.5139499635743987,1.4927435275822214,1.2984927846598533,1.1950572537293596,1.0521772853087448,1.3787294837869695,1.8690299732718791,1.5194957911839517,0.8120195986763752,0.6290885013752892,0.515126700399225,0.36391907371125054,0.16252700619645594,0.05199256178360183,0.022475969556926823,0.03929161626652311,0.04246989454275842,0.05800786630815381,0.13409730302954959
1.1846464800701326,2.2504247469909298,2.2416425372200193,1.602679938108633,1.5630501453606014,1.8417895823174302,1.7965291435816588,1.7097848920510295,1.5561797782616993,1.597761534197227,1.9067107563116201,2.852811563012536,2.2416425372200193,1.5724461789041608,1.3147064299878213,1.0522261708346703,0.5801286393975639,0.30063747766298665,0.1446657330387213,0.04439490377121647,0.04439490377121647,0.04439490377121647,0.049306901265023274,0.15641185520741946
0.5495150168680785,1.0580459406746048,1.0528599617198353,0.7504079820120975,0.7324874518638947,0.8595515911978253,0.841243495528996,0.79476700391453,0.7284052623037012,0.7476909214844298,0.8904485139092817,1.3349196334425146,1.0528599617198353,0.7255836853500428,0.6157601988446024,0.4830487588312588,0.2682189298589099,0.14139623438801827,0.060625068738485006,0.019632242270975327,0.019632242270975327,0.019632242270975327,0.02234576371875119,0.06670478562118384
3.721673719479239,9.31982805424261,9.201082191973924,6.829803264686728,5.527023876012586,7.585971944040213,7.538392742623035,6.903632955315307,5.517351531340979,5.32646645858977,7.923647416108048,11.10248470778872,8.567728050915342,6.175783286715718,4.610868895686611,3.5759968754220006,2.484840687191472,1.0394657312836535,0.37937470766177916,0.19054803395943248,0.16338751052934686,0.16338751052934686,0.373721018719203,0.619161317502302
3.7740768095144195,10.863114582398547,10.851409368052556,7.251665793246603,6.413610566303177,8.265051041263932,8.045176130843318,7.185614738173696,6.5528807683143055,6.456344099427962,9.380184336996512,12.580229343385819,10.251416878305688,6.636844016584989,5.910408437787797,3.761685176996328,3.1589917189843817,1.1395866597944262,0.42907097575085984,0.26661789091848076,0.1711418115170011,0.1711418115170011,0.2704301070569424,0.9182101574094181
2.8191575852246915,7.948576244631386,7.948145742339719,5.341418000641984,4.714130955311013,6.084824153459513,5.925290993762664,5.298481736651568,4.796614682434285,4.74763893879216,6.8431437190582205,9.166364447790075,7.512424636542059,4.8970886247241925,4.345285737571059,2.8139820361079226,2.3705519493630907,0.8544023959615258,0.3253527993349972,0.19823993564303571,0.1275094741392059,0.1275094741392059,0.20048493889195082,0.691011333651462
2.6838395864066054,7.567048998154041,7.566639159733348,5.0850329023112115,4.487855286869358,5.792755972552744,5.640880315944209,5.0441575551529585,4.5663798408879135,4.51975490574795,6.514676620042288,8.726384043710128,7.151832425089808,4.662031089733762,4.13671443478806,2.6789124607738364,2.2567667719883535,0.8133915553427398,0.3097360456116096,0.18872452880035517,0.12138909017723996,0.12138909017723996,0.190861773139809,0.6578431733044128
6.552122289203605,18.268567709886103,18.06568309867176,11.639547351089762,10.804682947794515,14.30632598854077,13.761869505399657,11.813323246219928,10.848033766364484,10.643128556179077,14.954315468889911,22.149261758855534,17.39775415970684,10.965413831060165,9.33283005788463,6.576784464209257,5.1814527368091206,1.9758851638902835,0.9141301276490499,0.3911153461791754,0.32135124902395273,0.32135124902395273,0.5626092293839953,1.5225878927547334
3.131410834815094,9.60268924021334,9.602453236846292,5.43237523496236,4.768914964339365,6.382535920170602,6.255937361985695,5.699529241486742,4.845576043898444,4.806694980035153,6.913772533929036,9.900431748037294,8.988183100022377,5.118416309090637,4.137262649881908,3.100887724064866,2.110138530074164,0.8314913164376809,0.41050597236737235,0.17662021037763626,0.13445673038760828,0.1894452868104032,0.2508583892202628,0.688905848450735
4.271627300549705,13.789845414273113,13.777102588815133,7.516271196403415,6.584890252178781,8.87096906246783,8.692489164799294,7.946762727086834,6.699167377555508,6.633010087297097,9.575130950547363,14.019752154130709,12.922645629984489,7.1248978987358305,5.705956518494409,4.305056693528694,2.869601551763998,1.1327060546448475,0.5559837356045731,0.23821114038778982,0.18791383327740302,0.2693527161275397,0.34639871535456945,0.9400106432796608
6.369662428292232,17.468353259916626,16.61590381779476,10.776405942305836,9.612036360122175,13.042051786826464,11.939018995141671,10.509818459839236,9.607391304286823,9.668470550112918,15.873099675683628,21.721050880975856,15.67061727900325,9.511555999204633,7.713560185989568,5.764191498853459,3.9891622911713633,1.5265810099486896,0.7939591379900827,0.32357073009802795,0.25834636920011017,0.36149402725427776,0.4362161245595469,1.3023326987947268
8.381731834404425,24.101559473454,23.768180338110383,14.036917535792922,13.025086803471524,17.267044002135595,17.046054934665285,14.306296399061537,12.926396947542324,13.216390377134237,22.291665577244334,30.12155742198498,23.510058646255025,13.668948101248443,11.894124034450492,8.313662119672049,5.775741688022876,2.273999581487571,1.1273850580429494,0.45945539118805545,0.37208506367062755,0.37208506367062755,0.48342536737799474,1.6502222224431558
3.662244465219528,10.775590775831851,10.633154974902205,6.177758063441708,5.7326005532706805,7.614474213945515,7.508270777787018,6.273324589999006,5.686748131939913,5.807198208855356,10.116106452644926,13.64880279600978,10.521859713794885,6.010830512287019,5.2366285237723575,3.6408838204112968,2.4989947442158376,0.984591878617787,0.4778548670181528,0.19389856252965446,0.15913886866530338,0.15913886866530338,0.20677103174353922,0.7114464595133845
32.26123881674939,84.14143706598135,80.86712184143853,56.01950327935412,52.77993053592841,63.52295160897326,65.48546163159205,53.41028462463871,52.0603379320515,53.8180820938985,70.7543675370267,77.35655233724538,77.97360347797867,52.916013521872536,42.217778395164046,30.06164346530888,22.141103566239924,7.821184483342362,3.1275620084711235,1.5693912073552083,1.4277100820202446,1.4555417428854416,1.9125049040843514,5.2076466337287775
9.16979371027976,26.2477630925805,26.20604610590125,17.364498010698373,14.671116554969519,21.120160282933767,20.629840114821313,17.668349678615503,15.00778836767129,14.408585200397695,22.20236257455185,30.580105458063642,25.12748164863839,15.630263398245654,11.867920506402184,8.383187219424418,6.761617985320036,2.65210154431412,1.168731652810143,0.5074299892749171,0.467560683618825,0.4698848757027476,0.7797770631780713,1.8348762406734203
3.0744345565100333,10.177534532680603,10.134327535616176,5.83173649199288,5.855921082384528,7.934958208378577,7.860656447933668,5.850401192516853,5.829626295163816,5.912617577407271,8.80923778486333,12.244089141001494,9.814892637402519,5.51780814890251,4.385248392618538,3.129453110676099,2.2514938443241865,0.9020527221348086,0.3929462234186613,0.16146830359466935,0.12375242221905736,0.16029936820958643,0.2860531627462865,0.5195953643523665
17.368200838539693,47.12596775939285,50.671051529864904,28.565537414925643,26.420730356362263,33.306193487932845,32.45707477343317,28.920215873240792,26.206382739803427,26.770253792260686,47.297677486161305,64.47178232558363,49.8674909799449,27.91253399207759,21.856578355253735,17.09120555677368,11.095970386057198,3.951675629200416,2.3166178572229486,0.8723783917320244,0.7628010602058956,0.7628010602058956,0.9701626418825962,3.164121527805212
6.327701276569311,21.08427135729434,20.802845976584063,13.02700383585723,11.70325159177551,15.423014517355265,14.832378916408471,12.955153457833458,11.805045657856398,12.213390344052927,16.741275944153326,22.92928581685001,19.683581838757082,11.722795039856821,8.588914200438287,5.643859319990214,4.1545524323688365,1.7684566384119014,0.6854079162261826,0.40035334758047103,0.2904352153930932,0.2904352153930932,0.5255657959834196,1.041854138142939
7.584018221892543,24.856956139086826,25.018449289917683,15.503003669708624,14.446999099406279,18.623065758386694,18.413689316383568,16.434946381763606,14.544690094147933,14.470858321752063,19.89663527952774,27.72540711286401,23.937964070940453,13.937501005891326,10.883964598186612,6.7506727660682975,4.938867091318178,2.0960487356142226,0.8025839145108764,0.46485145891437457,0.3502789941313957,0.3502789941313957,0.6272996322532004,1.302721897123875
7.931604875878084,18.557793436362743,18.32087771159783,11.463052898610453,10.87046790251806,15.521460521852221,15.240629416972997,12.14850344349793,10.626524498331252,10.987992711604631,16.39431237552815,22.724495495708826,18.294383140323,11.341517697272268,9.2733007495516,7.749585757699378,5.003821046461736,2.2929331634366625,0.784417204382348,0.38466308106960245,0.3097382984636478,0.3097382984636478,0.43724821104883227,1.3584568823348444
105.04508297771514,302.8875891192015,294.1652809330275,201.58071842659302,180.5370135556267,250.34436790098223,242.82917631085712,220.3830283779758,182.80953148195175,185.3846721059357,263.41032044094095,339.22437723471944,281.4339519978704,183.1715533482066,150.84120268224686,92.3132238925908,62.07323758151834,24.57769739234426,10.069790856658651,5.52163548311866,5.271035954798427,5.386612439395782,7.0528115531904705,19.374085704174266
8.767012027546462,29.987078360999416,29.43796149202049,18.698199729408582,17.077207390244325,22.873333329872608,22.531820017962804,19.444755986999837,17.197358810834963,16.957953455044684,25.696048740025606,33.286998480303176,28.28375378213927,17.986682284947324,14.598637222389403,7.977585240796958,6.364633022856734,2.3635307455049914,0.902687982710584,0.5659585125155447,0.3931051923739656,0.3931051923739656,0.7038345090172214,1.5983088992591297
4.334296565933723,11.173707544206195,10.849629172788196,7.185074874818018,6.510209003434044,9.291449114946502,8.52065039970274,7.402122389369018,6.818150292677969,6.515803047801309,9.51348464127879,12.314501136233526,10.416736395898527,6.595520072349965,5.59444320275176,4.195188229977068,2.6774490274446303,1.409999690341891,0.4918017622106178,0.2668965387308243,0.23165619816217592,0.23165619816217592,0.3834382882557097,0.6919346454422588
7.058477597242034,22.20849857606386,21.90945875805281,12.410702902770643,10.86430950828356,14.476966975084737,14.392210584217683,12.834661961740089,11.11820707059152,11.01696778219628,15.487952354239912,22.524142253163376,20.348844733304357,10.817340677082681,9.37336919995233,6.29953098881096,4.7305766722150615,1.886633699662874,0.8443824444210187,0.4121619167538023,0.3137689826012284,0.4420905872821699,0.5854045486285229,1.6008726269769171
9.496035842042089,29.369657381939607,29.183753202024697,17.66315264684304,14.420971583597694,19.312214152942968,19.108533909362492,17.224395850647596,14.643686586780344,14.592506851763282,20.90245508295135,33.79894917853736,27.171478701007835,15.61531423641673,12.503111502780238,9.371110382052278,6.376993572932369,2.5128278097864047,1.2479395173061196,0.5337592439433648,0.40633811159741373,0.5725175665930379,0.7581124712781572,2.1056460264721695
44.33082643956851,106.67229348964861,104.7638387131295,71.23619673780948,70.34899882452491,87.80775288692095,82.39218398707634,78.6824209390452,69.15438952835393,70.59782354794561,90.99149692813843,121.53744566226814,102.0950585370591,74.45249639091593,58.172368035559785,43.24317492016358,32.34167904642459,10.774189903774948,4.9143164754713835,2.0490769417691856,1.968521553168025,1.968521553168025,2.7571800868576193,7.041899053106074
29.18570661201237,67.60355786626684,65.4810103161662,43.66559607774106,42.550381314206405,54.458482897227945,54.231293711239246,48.60541539737241,42.171560301898516,42.24013795062426,57.97137874140368,79.12394813283379,63.31274711330449,39.94706893520458,35.65420561827298,26.807557978535396,20.010780381731518,8.895976783461844,2.8603383575070254,1.3884083019077167,1.264816741978604,1.3878721485835979,1.7579362025356697,4.910760452993022
69.32532205552428,160.39929850305305,155.2222182327806,105.95041531931214,100.9562527343081,129.6875530903333,127.42395742908421,114.99952741822555,100.06005786889025,100.34092023076515,137.84994382228996,186.6306568171162,149.84023015864688,95.491346814628,83.95461250172626,63.221932998384425,47.72297488438193,20.70238332155488,7.258834806617586,3.6023153231036975,3.299630968556557,3.5702087601452535,4.501689983241205,12.235669352667779
30.23538777826727,69.9561840580789,67.69826408180334,46.2089723850421,44.03082971064715,56.56163349028956,55.574394043550974,50.155631488053864,43.63996532693613,43.76245999658665,60.121559959592965,81.39666881978185,65.35097608350006,41.64737811238503,36.615773133095495,27.573469601292118,20.813789374193266,9.02909022420712,3.1658516497144404,1.5711055854367317,1.439093521694461,1.5571027023271746,1.9633567975612916,5.336436912738306
91.54816889489942,211.81671623854726,204.980076971502,139.9137606366764,133.3186749412309,171.26004844767945,168.27083712111943,151.86364587654148,132.1351968632452,132.50609214622057,182.03896592197316,246.45676910920125,197.87284488671625,126.10194496010072,110.86700814253786,83.4882843438143,63.02099774427653,27.338715907164374,9.58571868334288,4.757069449285048,4.357356940344498,4.714670842813372,5.9447466333898165,16.157921683263403
21.969748453139342,51.60108415192259,48.98061340381382,34.269964536039524,32.17572131344116,41.410227869680845,40.405039663616186,36.82850078566939,31.886158450312806,32.06541631120309,44.798541598651994,60.1941374878343,48.5845379470493,31.491448534204782,27.44396584759249,20.59303657035237,15.599476831096752,6.5343744458067485,2.5374150043762107,1.292267740955726,1.1836409523948828,1.1924580871170956,1.487267002221303,4.004784705571921
79.35550475840078,183.60632043524535,177.68020562119247,121.2796195925675,115.56288750928775,148.45111326165434,145.86001420951465,131.6379826976027,114.53702864850727,114.85852696735198,157.79446165678954,213.63290549522893,171.51953636552702,109.30730362081985,96.1014021187593,72.3690601952105,54.62766920129775,23.697662404915906,8.30906345556725,4.123508442338871,3.7770308635066923,4.086756611491492,5.153007159488211,14.00596043044958
69.9069668706887,162.71171430568356,156.41180680729593,108.44171120087351,102.00639102286188,131.38357623323867,128.62958336879774,116.34652905923717,101.46609217565216,101.56486613772347,140.365826855779,189.09627896193155,152.37194651971853,97.45188133089134,85.34586981452372,64.11808316088441,48.57786581941438,20.833487534423714,7.641556022932553,3.843219394788972,3.527139300070757,3.7869983931223508,4.760495777390308,12.691875272097949
20.021044459118713,46.694861868230326,44.61999766881524,31.379389767767993,29.205793037335773,37.570603854926034,36.72139275959305,33.361556759338974,29.092907125849422,29.092324219167097,40.41081390102386,54.181001636219044,43.800233935057875,28.110201013408226,24.52848734103253,18.42420474995023,14.003753258482424,5.917139653397441,2.2624964393415206,1.15225580267545,1.0568099944242166,1.1238590185747577,1.409754086681419,3.6950076841408976
87.66508031616821,206.20256596113802,194.29227030617088,134.54676842051043,123.61085395421325,171.73766331895123,169.17825765202184,145.3702312074949,117.95566051229461,126.1069194875376,181.36172156941817,227.2603114136229,195.82131111835142,126.76051901135473,111.41360133400065,76.33861490039295,58.85011105330101,26.92523557677686,9.580797750571662,5.2559028728190285,3.6930517648771195,4.142757571536968,6.408923014061207,16.206960000216114
74.68806881107365,175.6785185159412,165.5312970883193,114.6298875430941,105.31281021623766,146.31543562338092,144.13489730780924,123.8511593481608,100.49475181251938,107.43938460181425,154.51485005681621,193.61909799968802,166.8339948669925,107.99623216339386,94.92110989817529,65.03825356755019,50.138562903679,22.939508413839754,8.162557760500928,4.477874588304324,3.1463714325386647,3.5295075468434107,5.460213820060746,13.807853016832416
131.12060837938745,308.4170550087164,290.60283289627,201.2415213349684,184.88468058567216,256.8679206683189,253.03981913773097,217.4301681745393,176.42621112516179,188.61804431617847,271.26261885748085,339.9131123313133,292.88981832772066,189.5956327343981,166.64125711133818,114.17962080773017,88.02207602700598,40.27205880440153,14.329993485252448,7.861250794290312,5.52369532362078,6.196320030611523,9.585822332331537,24.240740412768492
83.94201457469362,197.95652363726236,184.5395654290995,128.80120270340515,118.58527003153553,164.46948298566932,162.40950890250082,139.4841251187793,111.74932583238866,120.87905193850051,174.38018002605133,217.9735601589377,187.92780321806453,121.46631500510617,107.38027421928379,72.62101519888927,56.567365050647695,26.07718220027147,8.951167409894728,4.88899551311691,3.376013581626688,3.811788469255461,5.966233818619711,15.303050898304097
81.40019956353588,191.46654470872747,180.40740417433804,124.93154355826759,114.7771512191988,159.46463536359423,157.08813458014973,134.98152044360845,109.52609945397641,117.09483839639051,168.40092173182353,211.0194234149171,181.82717390252859,117.70172920720671,103.4515607579641,70.88316653432469,54.64445782514669,25.001055623747945,8.896117428532996,4.880296021985447,3.429132210628032,3.8467003264042434,5.950916949490371,15.048748869879537
58.58417386307304,138.1563148901497,128.79245322489055,89.89195805200559,82.76213183977303,114.78529357701389,113.34761209589597,97.34770220252398,77.99124153519583,84.3629907031499,121.7020920534353,152.12645313082572,131.1571464327422,84.77284888646493,74.94202618557946,50.68310788203557,39.479066185077464,18.199589128520905,6.247130837587002,3.4120906509977043,2.356161781822899,2.660294484753067,4.163908635129861,10.680189163961051
8.426007205062778,19.819343120712777,18.67457445522771,12.932082375792284,11.880967225328256,16.506718333996034,16.260718780782273,13.972389133031859,11.33741327527453,12.120878785236116,17.431743256894805,21.843327063522118,18.82153957353711,12.183700085086027,10.708617435774391,7.3373539025503165,5.65643079280228,2.587942977405703,0.920866901455143,0.5051757816882476,0.35496095671500033,0.39818483050155756,0.6159993386011052,1.5577463824988849
183.60576562121682,431.8707045018429,406.9257783736913,281.7947846350431,258.8906027063771,359.68740399202375,354.32698413822266,304.4634477390968,247.04636418067463,264.1183629688886,379.8440339419112,475.9740517196417,410.1282018241004,265.4872619711744,233.34467384014297,159.88361368859483,123.25568696070815,56.392219966904875,20.066025148343016,11.00796426027698,7.734728518169083,8.676592469451636,13.422849925651878,33.943860982048335
0.7126870575857601,1.8026140366780186,1.7803757162947698,1.1858756665962642,1.0773947711620573,1.4180354695891026,1.3897068368064383,1.2069630323085485,1.0941183051313093,1.083064617838179,1.54573057146061,2.008085464417075,1.709497583480367,1.0416111180334229,0.9288535847094456,0.6298575665470741,0.44465914664616146,0.23427103041706013,0.07011332724364983,0.04441782503411643,0.038166616169870146,0.03855300831912874,0.06381309731521154,0.1107468196162477
58.61124357213285,136.62970492135764,134.7412779683329,87.27038440294488,88.67342226512109,116.41746349104017,106.46552008136722,93.94096753597194,83.18184177538902,86.30583669980528,115.52707089985746,149.62519317357265,126.79634599599692,76.61278696692212,75.71522602727468,52.84073605916096,39.499200778016245,14.125190796071943,5.921345886919931,3.211439103218601,2.400588051512007,2.5073371080146236,3.8162373984993176,10.656845859197666
51.204946798440396,118.91376326449341,116.81451985065578,74.86020476254279,77.14273372178603,102.10097900547434,92.67507636732489,81.13923536003189,72.44230888926315,74.95183113123174,100.23551094166875,129.46583920209923,109.70910202889614,65.33187141336812,65.7518677835754,46.15454666388755,34.23713489447319,11.934342886930215,4.904661317530077,2.6840737088651645,2.00864699208818,2.115617116560724,3.190997543366333,9.070638704286605
49.12165284673129,113.18489505420473,109.57329408880993,67.38531785733433,73.46008571788913,99.27964945413648,88.29295949206477,75.5066628982497,68.78706308038129,71.06359954881593,95.38166246920977,122.06239639093607,103.11917050987198,58.974842834893025,62.58344615142393,44.610236556425725,32.694358111460936,10.353921610415425,4.001192783959992,2.2256128570616904,1.652898147853084,1.767354959669478,2.6239181835120045,7.876595219175467
17.80451104520198,41.15057357900592,40.13881225428795,24.909563667187065,26.819384329604805,35.81599518389483,32.20967151181011,27.67947053322933,25.14113939916511,25.969095999361407,34.60970725654389,44.44109170373532,37.68310267632062,21.821058972577156,22.78270923090874,16.15211764527952,11.910593489302201,3.8795349934278787,1.528300880790741,0.8471250699816426,0.6310002590995569,0.6716833680590671,1.0029012208071209,2.953190563284672
481.2289304067082,1123.055573869416,1079.4886808389153,715.0725619559753,703.7496896495664,901.5417986007251,896.4373383923815,806.4464108006131,693.7556715863449,698.7047247057036,965.1948803878461,1320.847320256487,1055.2445322253648,672.3360236203439,599.594682185916,450.3963364381673,334.98981692149687,147.89303530846416,48.20902170482278,23.400660200271727,21.28341119897762,21.51010645979421,27.005919326514306,79.04600675326517
66.8480100217361,155.6513482066532,149.59638401292742,101.510925321661,97.61046554562662,125.59883567839732,123.20674969729879,111.51759367516269,96.30963342341673,97.12405323234938,134.29138248839217,182.35500070064842,146.12771461376667,94.10005650738383,82.62974208537628,62.082664954527324,46.771726889787956,20.114520296453076,7.162638274923572,3.554576223181647,3.250703921368564,3.282202895841764,4.1049151903109244,11.561712674026094
5.895132955426481,13.65503899492642,13.226312009542829,8.819882207350254,8.59462333689394,10.999904902005795,10.954015642744645,9.817661430315017,8.518106421831652,8.531958214504796,11.70946415082856,15.982007919223797,12.7883510571783,8.068788112044292,7.201685583083458,5.414777877220413,4.041917246012271,1.796871550997847,0.577751127946649,0.28044041026559025,0.25547652340013394,0.2803321142708353,0.3550802376955284,0.9919097100335085
398.168252793209,921.2493579628134,891.5149269545651,608.5235596398315,579.839711780551,744.8572165542466,731.8563115061897,660.4969085824944,574.6924389926963,576.3055649413004,791.737703510451,1071.9085081639175,860.6036131013763,548.4521613559672,482.19121646445325,363.113590442673,274.0957122794118,118.90362065965938,41.690936104856405,20.689807932830323,18.951347915272116,20.505404691744477,25.855343792103,70.27526080593121
291.5465385413416,674.5566969825287,652.784568302914,445.5727853470753,424.5699140815882,545.3989404492092,535.8794249226055,483.6286822558232,420.8009808386697,421.98214303140486,579.7257447620392,784.872256881083,630.1507031154182,401.5873392143452,353.06978667699497,265.87883300143733,200.69821133024536,87.06354356523849,30.526914249569312,15.14947975783154,13.876545522226253,15.014456118309218,18.93178557683482,51.45691272302436
40.95457200458732,96.58125007073843,90.03523394516881,62.840976084749954,57.8567122173179,80.24321691136193,79.23817364019243,68.0530801484492,54.52151505363554,58.975828273176035,85.0785589937801,106.34738646499828,91.68832541789438,59.26234876793417,52.3898931264367,35.4311557934157,27.598720817155026,12.722828270310892,4.36719599917926,2.385297991554448,1.6471273892785245,1.8597381313914967,2.9108731039977758,7.466224191543326
37.8612149361988,89.05575221164183,83.91187665571859,58.10870302939078,53.385647890000236,74.17088491915915,73.06551653627446,62.78319199870494,50.943255849314745,54.463660632487866,78.32736931026764,98.15027221633349,84.5722461281174,54.74594032657118,48.11783998496587,32.969486781413785,25.416467943362612,11.628599753784993,4.137800839130045,2.2699445164927887,1.5949728915577466,1.7891939901137357,2.7679163798150324,6.999539540915572
386.4398453265751,908.9240141104465,837.2969913326923,586.39896560944,539.8877998477175,754.2303253218273,743.8157421024353,636.9538838727453,502.44664866302844,550.6143500741046,798.8003602095971,1000.2584137543042,863.8199295729646,555.010410111007,494.05768951017916,330.94202434487715,259.2192937793427,119.87484226828583,39.97298360589293,21.751045392057,14.770478497569357,16.805500119805053,26.61606020621716,69.7019245558314
183.6284015488901,431.92394789536183,406.9759464196483,281.82952584451505,258.92252016244566,359.7317482316189,354.37066751580346,304.5009836659173,247.07682141393536,264.1509249319681,379.89086320160436,476.0327324161472,410.1787646824173,265.51999269964483,233.3734418537297,159.90332501902805,123.27088259906908,56.39917230964961,20.06849899818325,11.00932138259818,7.735682098002034,8.677662167447908,13.424504768347358,33.94804576774688
6.973651098246702,16.40316469670727,15.455715084214464,10.70303267820298,9.833093910643784,13.661523380748495,13.45792575583707,11.56402605069597,9.383230112940058,10.031652904544035,14.427105573177977,18.078282875709696,15.577348431274324,10.083645956060582,8.862817218672847,6.072644475072403,4.681455148374537,2.1418699209919154,0.7621408719913206,0.4181007159192949,0.2937778007290251,0.3295513536783969,0.5098220734458574,1.2892440638522145
0.9458526059022097,2.6007913812829764,2.548712246511323,1.6516759607492617,1.5453194537986126,2.1551721993104715,2.0948045415500176,1.7363626510771664,1.5399356271728497,1.5980561529028054,2.3103235384071867,3.817971038208844,2.5464109742014305,1.6748009956297718,1.433169482466631,0.9442645432937701,0.7451944379565325,0.27457764568558696,0.10167663079356731,0.059690099975086494,0.03836903879515383,0.05306306002003741,0.06631846807306331,0.21933771733779614
3.0181448197204337,8.298930494678281,8.132749876423645,5.270374277858199,4.9309986304332245,6.876993062518344,6.684364388228677,5.5406031635402675,4.913819242926733,5.099277487220485,7.372069364518672,12.18285961143087,8.125406688851367,5.344164532063707,4.57313647210619,3.0130774308850645,2.377859635389661,0.8761567011241777,0.3244425131371469,0.1904666381466077,0.12243272889943131,0.16932025002482073,0.21161726427299724,0.6998902273160482
9.56202445507318,26.2925012155039,25.766011192451526,16.697491585886464,15.622288627125029,21.787548235428968,21.177266024227208,17.55362519368281,15.567861244321222,16.155426246419452,23.356038811468597,38.597485705810456,25.742746656341286,16.931272354340273,14.488517084053301,9.545970057798879,7.533486079184709,2.775821672931406,1.0278921092892304,0.6034324926801016,0.38788885814503354,0.5364369399697695,0.6704414721496089,2.217377849377912
