"LINESTRING (-11746.968941812283 198352.830665, -11747.78424325363 198357.4544692418, -11751.798131548012 198363.18689580873, -11755.864236758218 198365.53446274638, -11760.488041 198366.3497641877, -11765.111845241785 198365.53446274638, -11769.18 198363.19, -11772.2 198359.59, -11774.01 198352.83, -11772.2 198346.07, -11769.18 198342.47, -11765.11 198340.13, -11760.49 198339.31, -11755.86 198340.13, -11751.8 198342.47, -11747.78 198348.21, -11746.97 198352.83)"
"LINESTRING (-13912.64181559234 197598.35363434957, -13893.905515580997 197561.44, -13880.57 197532.43, -13876.44 197525.36, -13871.27 197521.9, -13866.78 197521.8, -13861.08 197524.75, -13857.14 197532.22, -13859.358972057333 197539.00305928636, -13872.805515580996 197570.2, -13889.57 197603.73, -13891.62 197606.35, -13895.5 197607.24, -13912.641815592338 197598.3536343496)"
"LINESTRING (-13414.212748796122 197828.38052785816, -13413.43 197838.66, -13407.49 197851.79, -13396.54 197858.92, -13385.2 197858.52, -13373.99 197854.24, -13366.94 197847.62, -13361.96 197839.44, -13360.71 197830.87, -13363.2 197821.14, -13371.09 197812.19, -13380.22 197805.96, -13393.51 197807.9, -13401.39 197812.19, -13408.04 197818.03, -13414.233513560515 197828.41408545442)"
"LINESTRING (-13467.979554119167 197262.60567707708, -13469.103439853143 197272.16331773842, -13472.303995640126 197276.95328797295, -13477.093965874656 197280.15384375994, -13482.744121009713 197281.27772949392, -13488.39427614477 197280.15384375994, -13493.1842463793 197276.95328797295, -13495.571128942875 197273.2957116342, -13497.44306362433 197266.18504122374, -13496.319177890355 197260.5348860887, -13493.118622103371 197255.74491585416, -13488.328651868842 197252.54436006717, -13482.678496733784 197251.4204743332, -13477.028341598727 197252.54436006717, -13472.238371364198 197255.74491585416, -13468.100019050906 197262.72307798342)"
"LINESTRING (-13199.67847774575 197302.54, -13211.84 197335.52, -13209.17847774575 197340.83, -13193.17847774575 197350.67, -13182.01847774575 197352.86, -13161.79 197348.17, -13155.271229073174 197315.87826064322)"
"LINESTRING (-13308.100293996898 196158.0310359501, -13309.332228086645 196165.01768135623, -13315.397280313371 196173.67947360463, -13321.541233171602 196177.22668644122, -13328.527878577781 196178.45862053096, -13335.51452398396 196177.22668644122, -13344.176316232304 196171.1616342145, -13347.723529068917 196165.01768135623, -13348.95546315866 196158.0310359501, -13347.723529068908 196151.04439054392, -13341.87167215312 196142.6870727539)"
"LINESTRING (-13315.18476540229 196142.6870727539, -13309.33 196151.04, -13308.1 196158.03)"
"LINESTRING (-13722.64307001861 196295.8559582459, -13727.738036868108 196289.06579570155, -13728.643911163104 196283.93915427176, -13725.18208524539 196274.35234882886, -13716.326146033854 196269.18363971263, -13711.120143716 196269.15913554243, -13703.463230044405 196272.93997871605, -13698.780683687453 196282.0623124559, -13699.028268631024 196287.1943943978, -13701.496347789032 196292.69074182914, -13709.882669298837 196298.4419210242, -13715.072177743577 196298.8567254242, -13722.661839899522 196295.94007154345)"
"LINESTRING (-13687.56 197167.16, -13712.39 197156.35, -13713.141653331619 197158.20362503163, -13715.39710320115 197163.76570818867, -13719.355727796572 197173.52792879255, -13727.40501617683 197193.37798705854, -13730.810694313366 197202.02348078592, -13739.85 197224.97, -13744.26501617683 197236.17798705856, -13745.865016176831 197244.54798705856, -13744.860452938448 197246.8123445861, -13742.795016176831 197251.46798705854, -13736.02501617683 197254.92798705856, -13730.08501617683 197254.54798705856, -13727.959056020178 197253.13678936838, -13726.60501617683 197252.23798705856, -13725.855496315387 197250.6171503582, -13710.592938031295 197217.61186806884, -13697.73 197189.8, -13694.229542787069 197182.22602585316, -13687.56 197167.16)"
"LINESTRING (-11918.3 198516.89, -11887.97 198512.58, -11849.241867699086 198503.55132786123, -11832.12 198503.55, -11818.54999999999 198508.05, -11806.67 198517.06, -11798.53 198529.56, -11795.09 198544.06, -11795.53 198554.03, -11801.75 198573.78, -11808.12 198583.8, -11811.628597998944 198588.5685360014)"
"LINESTRING (-14516.49 196738.14, -14538.72 196744.48, -14545.94 196742.75, -14552.03 196739.03, -14559.72 196730.53, -14561.97 196725.72, -14562.67 196714.46, -14554.31 196697.53, -14545.95 196692.2, -14539.86 196690.26, -14531.24 196689.69, -14519.54 196691.88)"
"LINESTRING (-14467.13 196729.57, -14458.72 196747.13, -14456 196759.12, -14456.81 196765.24, -14462.25 196776.2, -14471.5 196783.34, -14478.57 196785.38, -14491.08 196782.83, -14502.22 196775.69, -14510.11 196762.43, -14510.81 196743.11)"
"LINESTRING (-14453.79 196719.53, -14444 196722.45, -14433.1 196722.56, -14421.44 196719.32, -14413.02 196709.65, -14409.92 196698.5, -14410.17 196691.44, -14416.12 196679.67, -14426.03 196673.35, -14442.15 196672.58, -14454.99 196675.28)"
"LINESTRING (-14462.55 196668.35, -14462.04 196649.87, -14466.05 196640.77, -14471.06 196634.5, -14476.75 196629.8, -14485.77 196626.98, -14497.48 196628.54, -14507.84 196635.76, -14513.86 196646.1, -14515.86 196660.21, -14511.09 196675.77)"
"LINESTRING (-13385.68144564903 197523.97814395625, -13385.7 197523.97, -13394.270427390458 197521.6463741407, -13398.72 197520.44, -13410.02 197525.58)"
"LINESTRING (-13411.253196069432 197497.8291251436, -13409.84503148115 197499.98171403853, -13402.14 197511.76, -13399.640492361137 197513.71521096324, -13393.92 197518.19, -13385.7 197523.97)"
"LINESTRING (-13678.72 197792.2855736107, -13653.42 197793.73)"
"LINESTRING (-13653.635063034484 197794.0819025747, -13655.94805189903 197797.59218226044, -13664.95 197810.95)"
"LINESTRING (-13438.580195074286 197480.18886241532, -13429.21 197476.73, -13424.41 197472.24, -13422.01 197466.77, -13426.492699290331 197449.98752847005)"
"LINESTRING (-13438.5972265191 197480.3131919624, -13423.73 197483.48, -13416.53 197489.27, -13411.37333156626 197497.96018204917)"
"LINESTRING (-12894.97 197082.79, -12897.39 197073.33, -12906.68 197064.24)"
"LINESTRING (-14179.91 196932.29, -14153.1 196955.17)"
"LINESTRING (-11751.984745752501 198363.12580040324, -11734.235315802833 198353.04258740522, -11723.9215734248 198348.8071497223, -11718.404781455793 198347.90083145324, -11705.268127923247 198348.3225767437)"
"LINESTRING (-11704.913932511236 198346.25532795, -11719.910389273073 198343.70026428896, -11736.837168052527 198343.81212513716, -11751.781174157835 198342.42589737254)"
"LINESTRING (-13784.11 197210.21, -13778.493892311408 197210.7653821836, -13765.24632821917 197212.11091248124, -13754.43 197216.08, -13749.11 197221.08, -13746.146361648756 197230.0330661399, -13744.27 197236.18)"
"LINESTRING (-13727.41 197193.38, -13734.5958558901 197195.26182123128, -13747.649029144073 197198.68016678962, -13784.108566475232 197210.2095466851)"
"LINESTRING (-14153.1 196955.17, -14176.691041642513 196950.60047739986, -14188.44 196950.21)"
"LINESTRING (-11795.1 198330.86, -11791.06 198331.99, -11787.48 198334.78, -11784.19 198337.65, -11781.45 198341.04, -11779.34 198344.85, -11773.828348783478 198355.15047486132)"
"LINESTRING (-11760.58 198339.44, -11769.50432978225 198336.6067640264, -11777.223259076169 198334.25309301552, -11784.406268167388 198331.53348594022, -11790.381066939446 198329.3681151999, -11794.35 198328.25)"
"LINESTRING (-13161.79 197348.17, -13155.92 197351.17, -13135.431970618984 197367.73556855632, -13055.23 197439.54, -12969.98 197524.6, -12911.643001325858 197588.09361768723, -12895.569114798433 197600.44062298222, -12777.214565042475 197610.32154447623, -12760.17 197612.05, -12747.06 197617.97, -12736.47 197630.26, -12724.88 197655.8, -12707.172139808727 197711.36037966318)"
"LINESTRING (-12254.345891567058 198082.11237108865, -12237.83 198087.67, -12197.01 198096.47, -12182.369107613738 198096.32698343258, -12172.15 198093.51, -12152.95 198097.16, -12144.601636458303 198099.95930290862)"
"LINESTRING (-12144.601636458303 198099.95930290862, -12142.84 198100.55, -12136.54 198106.82, -12124.05 198124.04, -12092.711437545742 198131.4605357542)"
"LINESTRING (-12639.977379165914 198263.22045256727, -12652.99 198187.67, -12662.508815424142 198166.75335907738, -12697.964054360282 198120.92822071278, -12715.770853324982 198090.8208673098, -12724.045966109743 198080.80135801472, -12735.034313885388 198070.63381890248, -12807.350073724467 198029.91083308557, -12821.87 198019.38, -12825.249365933689 198015.76292792818, -12855.078635936088 197960.2761212721, -12869.960508024365 197936.77991382853, -12916.06 197891.65, -12929.82 197881.31, -13006.28 197813.88, -13046.63 197780.87, -13113.08 197721.11, -13127.64 197714.85, -13150.670720336115 197708.14768817992, -13191.66 197684.98, -13203.19 197673.03, -13217.75 197651.68, -13231.12 197623.5, -13243.56 197610.41, -13268.193491399406 197589.2467367436, -13288.06 197574.26, -13363.76 197533.6, -13385.68144564903 197523.97814395625)"
"LINESTRING (-14536.02 197955.42, -14552.07 197948.18, -14565.33 197939.04, -14569.83 197928.37, -14567.45 197912.49, -14562.15 197902.56, -14546.54 197889.9, -14537.01 197888.66, -14525.1 197890.4, -14500.23 197905.04)"
"LINESTRING (-14070.77048233746 196170.096842868, -14074.208222580832 196162.78074858602, -14077.208019707816 196152.01313134696, -14078.254138772772 196142.6870727539)"
"LINESTRING (-13214.85 197236.25, -13185.13 197228.80138336206, -13127.36 197246.86, -13118.05 197254.49, -13112.393930949962 197265.2741218991, -13112.6183428701 197270.81905443218)"
"LINESTRING (-14367.967931862358 196881.17801281827, -14340.36 196895.74, -14304.73 196921.19, -14273.66 196944.5, -14263.2 196944.19, -14256.99 196941.43, -14251.1 196935.3, -14245.92 196927.78)"
"LINESTRING (-14367.982035134406 196881.12957114461, -14342.55 196849.19)"
"LINESTRING (-14018.8 197650.6, -14062.49 197563.47, -14069.43 197553.7, -14128.05 197507.04, -14137.949200277973 197496.09588413715, -14144.64 197483.89, -14149.178449686742 197455.51372491088)"
"LINESTRING (-14160.619262999122 197724.0909937422, -14201.5 197641.13, -14202.11 197616.28, -14199.41 197599.64, -14167.39 197512.46, -14149.331881448126 197454.07372631924)"
"LINESTRING (-14534.49865248991 197808.98506137493, -14544.62 197843.7, -14552.39 197862.4, -14573.85 197900.37, -14576.81 197929.58, -14591.15886448617 197943.2462690546)"
"LINESTRING (-14565.36 196801.58, -14563.5 196759.72, -14564.92 196743.98, -14569.85 196725.92, -14569.879870816821 196634.37991104217)"
"LINESTRING (-14565.97 196820.21, -14565.36 196801.58)"
"LINESTRING (-13538.492253036682 196786.39315303264, -13539.730462654208 196774.53812129507, -13541.223058912417 196760.24750703882, -13544.973086051179 196724.34349683125, -13545.908940889076 196715.38331056875, -13546.549720641991 196709.24827155753, -13547.321707508223 196701.8570118947, -13549.57111760172 196680.32040963304, -13551.915663091644 196657.87294936474, -13552.33390655161 196653.86854702304, -13552.474880566664 196652.5188147976, -13552.780117427414 196649.5963753169, -13554.387703338183 196634.20481178572, -13554.466424930768 196633.45110500997, -13555.696372985854 196621.6751722259, -13555.899919913356 196619.7263460728, -13556.252174780819 196616.3537405185, -13556.534577816768 196613.64991968995, -13559.663881579469 196583.68892205416, -13561.017150601083 196570.73227321732, -13562.611373269458 196555.4686538246, -13563.309334899113 196548.78613645915, -13564.561100799916 196536.80131234537, -13565.379834493433 196528.96248297117, -13566.253016315633 196520.6023490582, -13566.447170288713 196518.7434541827, -13566.896780496576 196514.43873613793, -13567.644452774282 196507.28027245292, -13568.880965252232 196495.4414896955, -13569.791240143733 196486.72621436903, -13572.945304089028 196456.52815448924, -13574.759955070329 196439.15408093057, -13574.972803631623 196437.1161978341, -13575.297822371524 196434.00436004647, -13576.911214607115 196418.55720482545, -13577.043888862441 196417.28693726705, -13577.652390348541 196411.46094114493, -13577.800303923334 196410.04476726067, -13578.59722457821 196402.4147831916, -13578.755842432396 196400.89612296727, -13579.6092501361 196392.72531305812, -13579.778644625854 196391.10347373158, -13580.571784177873 196383.509691202, -13580.763670318345 196381.67250931205, -13581.021462909035 196379.20431709234, -13581.663151428409 196373.06057724802, -13581.960502367583 196370.2136402099, -13582.3059101542 196366.90659089063, -13582.41 196365.91, -13582.907830680497 196362.02186412356, -13583.368229557223 196358.42607651907, -13583.860012079294 196354.58517771075, -13584.345600293464 196350.7926574209, -13584.731988605192 196347.77490396393, -13585.223379018656 196343.93706758544, -13585.522016070297 196341.60466526472, -13586.015359245877 196337.75157750715, -13586.539800013063 196333.65561267044, -13586.754409548774 196331.9794784587, -13587.37427703816 196327.13821592, -13588.369857180927 196319.36257849424, -13588.386117272226 196319.235584625, -13588.461674349504 196318.6454719735, -13588.735441596617 196316.5073067358, -13590.971040985067 196299.04692406332, -13591.08320626447 196298.1708955982, -13592.434972673133 196287.61338744132, -13593.517118916136 196279.16165516406)"
"LINESTRING (-13530.769999996488 196850.58000000598, -13534.659999997335 196825.88000000484, -13536.749999996 196809.61000000392, -13537.499999997914 196801.74000000025, -13537.502965870992 196801.69412780917, -13538.492253038003 196786.39315303994)"
"LINESTRING (-14127.6 196206.5, -14110.7201324175 196184.96106541736, -14107.11996919344 196178.91997605484)"
"LINESTRING (-14107.11996919344 196178.91997605484, -14100.5 196167.8, -14093.33 196149.87, -14090.778090826496 196142.6870727539)"
"LINESTRING (-13653.525059008267 197793.88346672207, -13619.19 197777.38, -13586.44 197758.49, -13575.86 197748.76, -13569.48 197726.95, -13569.48 197717.04, -13562.14 197654.53, -13562.14 197622.98, -13556.54 197570.59, -13551.15 197533.97, -13547.27 197514.15, -13540.76 197500.19, -13519.17 197480.27, -13517.209151192026 197479.53432387786)"
"LINESTRING (-13517.209151192026 197479.53432387786, -13505.47 197475.13, -13492.79 197473.84, -13469.3 197476.09, -13438.5972265191 197480.3131919624)"
"LINESTRING (-13967.553647483684 196143.77261114225, -13989.504161352854 196185.89037813977, -13992.827059239122 196200.33996067956, -13992.87500075174 196210.4413339132, -13989.97792033407 196222.90714912568, -13984.0161626088 196234.1693764533, -13961.991277264295 196253.99002096205, -13927.818758945776 196274.85832368126, -13906.399870380941 196284.02070547832, -13891.218404501691 196288.60665534993, -13844.499271193195 196295.55758847637, -13826.010060331262 196295.4918686112, -13807.281285982868 196293.17970688638, -13786.455901439302 196284.13650786452, -13754.709570658488 196261.31883261583, -13748.09575174582 196259.16934146918, -13736.85225959428 196260.98814167018, -13723.34 196272.5)"
"LINESTRING (-12894.97 197082.79, -13112.703466761695 197270.96096929163)"
"LINESTRING (-13266.581255445439 197007.0588547696, -13245.345982820878 197029.17250129636, -13227.230078633875 197040.876904333, -13096.339999999851 197049.660000002, -13035.292069615796 197053.90598365292)"
"LINESTRING (-13396.54 197858.92, -13419.95 197890.85, -13443.05 197924.21, -13479.577480666587 197981.21217257972)"
"LINESTRING (-13490.991023465724 197975.76822796135, -13451.87 197916.57, -13419.95 197870.95, -13407.49 197851.79)"
"LINESTRING (-13479.577480666587 197981.21217257972, -13490.991023465724 197975.76822796135)"
"LINESTRING (-12601.99175766 198445.22489392696, -12602.755710788319 198442.13530987554, -12614.557942112191 198411.71146285225)"
"LINESTRING (-12614.557942112191 198411.71146285225, -12614.67702143809 198411.40449960984, -12615.140959422175 198408.68721755405, -12615.828758602902 198404.65878178057, -12616.368694990699 198401.49637751933, -12616.854616992588 198398.65033520004, -12622.649394175633 198364.71035917554, -12622.971758645079 198362.8222723659, -12623.021776632251 198362.52931730796, -12623.406027954332 198360.27875956486, -12623.479672735337 198359.84742251382, -12623.87705719869 198357.5199440392, -12623.970771849214 198356.9710578799, -12625.421264422648 198348.47553137198, -12625.574820323593 198347.57615535945, -12625.944565485224 198345.41056011315, -12625.999209359928 198345.090511259, -12626.050621600909 198344.7893900647, -12626.304037253476 198343.30513607172, -12627.719775403573 198335.01316601774, -12631.412520790827 198313.3847779108, -12631.627126073781 198312.12783602538, -12631.83981370262 198310.88212582885, -12632.172689254836 198308.93247566896, -12632.837509868585 198305.03862522772, -12632.94095421086 198304.4327523208, -12633.411846698411 198301.67473777896, -12633.573604427156 198300.72732370903, -12633.90826952386 198298.76719219759, -12635.91355855431 198287.02222609002, -12637.899040600701 198275.3932693721, -12637.974380672935 198274.95200301026, -12638.051171848427 198274.50223754512, -12638.132488396379 198274.025967, -12638.22237744636 198273.49948736068, -12639.716253625296 198264.7498633294)"
"LINESTRING (-12639.716253625296 198264.7498633294, -12639.977379165914 198263.22045256727)"
"LINESTRING (-13423.274829179716 197449.16243356987, -13419.883775721653 197460.92508149295, -13419.251953555095 197463.25697290714, -13415.64673032204 197473.23176387613, -13411.227983997469 197497.9803975754)"
"LINESTRING (-14111.188288893984 196164.14853241018, -14099.400345577194 196159.1795740895, -14090.799097102996 196158.68852524154, -14082.015447366879 196162.0477541581, -14070.873298617194 196171.58028848196)"
"LINESTRING (-13620.751587578316 198425.45997673282, -13620.70790861187 198422.4796504281, -13620.489206898348 198407.5570796178, -13620.467131754414 198406.0508367394, -13620.44318191207 198404.41667844894, -13620.418039480324 198402.70114676873, -13620.388301133999 198400.6720242179, -13620.35130465814 198398.1476611397, -13620.328868583985 198396.61679107993, -13620.285499179616 198393.65758697822, -13620.263092201534 198392.12870221696, -13620.217493505092 198389.0173878813, -13620.198292747022 198387.707271617, -13620.15 198384.68, -13620.14 198383.6, -13620.13 198382.74, -13619.9 198367.6, -13619.89 198366.56, -13619.83 198362.45, -13619.73 198355.91, -13619.69 198353.24, -13619.33 198328.62, -13619.3 198326.69, -13619.288578060065 198325.63513868937, -13618.199258601278 198321.7529374789, -13617.22883356992 198318.2944614542, -13616.74008170656 198316.55260964, -13612.486205037922 198301.39231389845)"
"LINESTRING (-13866.775505404688 197521.80081037883, -13821.04 197422.26, -13743.773043371226 197250.584735225)"
"LINESTRING (-13861.081008492394 197524.7516184406, -13793.53 197375.83, -13737.01 197254.14)"
"LINESTRING (-14029.488933758483 196243.52094201394, -14054.579871599433 196212.98870382298, -14075.11365201618 196190.3872110779, -14082.740866954447 196188.00676467924, -14086.85600078538 196187.57352786598, -14090.47645749568 196187.5821448195, -14097.65809843221 196188.58410355786, -14103.437179727414 196191.8761844659, -14103.690875742524 196192.0429566003)"
"LINESTRING (-14103.690875742524 196192.0429566003, -14110.260040437717 196196.3613280065, -14125.19 196209.14)"
"LINESTRING (-14708.732017490018 197172.1045015215, -14707.6 197153.62, -14708.74 197144.01, -14715.56 197132.99, -14755.643697587717 197086.50674767335)"
"LINESTRING (-14695.577324803435 196791.27323287167, -14665.02 196774.31, -14633.29 196743.82, -14605.46 196740.92)"
"LINESTRING (-14633.385324913039 196649.5784411264, -14632.962906456041 196650.1415562266, -14632.694431668067 196650.4994530103, -14632.459642186685 196650.81244478453, -14626.670261620106 196658.53011801548, -14626.499494324273 196658.757763473, -14626.380473566698 196658.9164269611, -14626.300657126956 196659.0228281889, -14623.006358182156 196663.4143727572, -14620.215858162255 196668.9752489988, -14620.17756885665 196669.0515514852, -14618.521289206723 196672.35216646065, -14616.846236193693 196676.29548377643, -14614.637353213937 196681.49551412463, -14613.40980612251 196687.92528423035, -14613.399135553274 196687.98117561536, -14613.386161358208 196688.0491331643, -14613.366951055405 196688.14975482807, -14613.33732972409 196688.30490842822, -14613.29253678435 196688.53952941092, -14612.762124344325 196691.3177772471, -14612.026973814218 196696.34241778316, -14611.8886250862 196697.28801001012, -14611.72346596784 196698.41684712173, -14611.53343707029 196699.71566533996, -14605.925098929869 196738.04779189933, -14605.524799027527 196740.7837800181, -14604.724807376899 196743.26903215976, -14604.38733710709 196744.31741648994, -14603.3634086601 196747.49835014567, -14602.504322055924 196750.1671865282, -14602.210642107771 196751.07953195024, -14601.487091947038 196753.32731114287, -14599.41 196759.78, -14598.99820029805 196760.85367552887, -14596.941489633145 196766.21608813, -14596.761924941082 196766.6842628635, -14596.479113060426 196767.42163152623, -14596.229425744841 196768.07263530148, -14595.929066295424 196768.85575532116, -14595.402051013836 196770.22982967942, -14595.185489537827 196770.7944652442, -14594.346954106973 196772.98075864834, -14593.140088571614 196776.12739033802, -14591.657973611476 196779.9916732798, -14591.485568410542 196780.44118124305, -14589.898923571307 196784.57800244234, -14588.69 196787.73, -14587.90510385272 196788.5616092905, -14585.752307424284 196790.84252953285, -14584.27170553667 196792.41124953426, -14576.802185670704 196800.32531834155, -14575.08 196802.15, -14572.92053322856 196803.28386994978, -14571.293367613733 196804.13824484378, -14558.8343846084 196810.6800757353, -14550.82067334354 196814.887830404, -14539.676085112338 196820.73951280318, -14538.293002987164 196820.8897587359, -14536.498703074736 196821.08467576868, -14534.814158131607 196821.26766998254, -14523.47 196822.5, -14520.772834783984 196822.08567642767, -14514.080378612094 196821.05761840125, -14513.217701472358 196820.92509872015, -14512.416808447004 196820.80206997227, -14511.694914151563 196820.69117657148, -14511.008370815189 196820.58571358907, -14510.308314056414 196820.47817474962, -14501.25148585624 196819.08691499598, -14500.23 196818.93, -14498.520608517194 196819.01797070194, -14497.277104031964 196819.08196538282, -14489.420238652046 196819.48630456987, -14488.239750525108 196819.5470562293, -14487.405173464032 196819.5900062092, -14480.41 196819.95, -14479.383754948112 196820.35421704454, -14478.48706479264 196820.70740505148, -14471.757219626621 196823.35815412755, -14471.165474500638 196823.5912304922, -14464.008507136345 196826.41021431133, -14463.565143746759 196826.5848461292, -14461.847317057815 196827.26146310868, -14457.333458998472 196829.85384962603, -14444.392608261118 196837.28600334766, -14443.922849565288 196837.5557938669, -14443.847364142883 196837.5991464466, -14441.985105777949 196838.6686735371, -14439.546801179757 196840.06903391227, -14405.97547340314 196859.34962633537, -14405.622089460576 196859.5525808271, -14401.151071025924 196862.1203638093, -14400.825084731941 196862.307583359, -14389.769201095272 196868.65716797166, -14381.099599928371 196873.63626941448, -14380.715210150698 196873.85703109193, -14374.126384760973 196877.64110712646, -14373.56568960579 196877.96312402232, -14370.806659826572 196879.54768239934, -14367.967931862358 196881.17801281827)"
"LINESTRING (-13487.329572074732 197252.86569441305, -13497.07 197227.9, -13509.508151935892 197181.9860506453, -13521.751848064108 197141.08605064527, -13526.57 197122.68, -13554.92 197071.79, -13571.16 197038.39, -13573.24 197030.61, -13554.386452333409 196929.17187140006, -13546.95 196912.34, -13526.825444870086 196888.26275581695)"
"LINESTRING (-14022.958255854483 196237.83127531048, -14036.82363218623 196218.12909601137, -14057.699853507853 196192.0718701128, -14063.997769941918 196182.69264602862, -14068.394191522693 196175.15399274306, -14070.77048233746 196170.096842868)"
"LINESTRING (-13388.059686748293 197359.02490028407, -13320.95620561619 197346.27296683128)"
"LINESTRING (-13446.68 197372.94, -13388.06 197359.02)"
"LINESTRING (-13320.96 197346.27, -13247.19 197333.85, -13226.91 197331.13, -13211.84 197335.52)"
"LINESTRING (-13411.164628955867 197497.6384818822, -13404.05 197625.69, -13396 197713.67, -13391.85 197782.2, -13389.77 197788.82, -13380.486994173532 197805.4808083629)"
"LINESTRING (-13112.6183428701 197270.81905443218, -13154.851308535579 197315.42553336557)"
"LINESTRING (-14149.184991279011 197455.66882564008, -14149.27 197454.22, -14147.504507981246 197430.31523806608, -14146.646193442166 197418.6936592069, -14145.840373441692 197407.7828564005, -14144.27 197386.52, -14142.641807960836 197364.3623361885, -14141.26652687943 197345.64647521198, -14139.879962132703 197326.77705761758, -14139.558113170277 197322.39709448302, -14137.016937581353 197287.81486276165, -14136.74346857649 197284.09329053498)"
"LINESTRING (-13035.292069616642 197053.90598365193, -12906.68 197064.24)"
"LINESTRING (-14129.852897374292 196964.05105906937, -13712.39042237273 197156.3514969299)"
"LINESTRING (-13495.566461931496 197273.29833960533, -13504.293325236602 197268.3842857838, -13510.42 197264.9, -13516.796921492794 197261.20381378641, -13548.059280960972 197243.08354961174, -13549.66941844423 197242.15028299176, -13556.64 197238.11, -13599.464566296732 197214.52615561796, -13618.76 197203.9, -13640.131480017602 197191.8432280305, -13654.402606963218 197183.7921373625, -13670.2 197174.88, -13675.282542262397 197172.21799985907, -13687.521768013046 197167.23371431467)"
"LINESTRING (-13476.794499151787 197280.2216788934, -13446.656458929903 197373.02051007014, -13424.691669617187 197449.77339376643)"
"LINESTRING (-14090.85573844258 196142.6870727539, -14086.04 196161.98, -14081.33 196171.09, -14075.94 196179.45, -14063.79 196193.48, -14050.53 196209.57, -14037.82 196225.6, -14025.62 196239.91)"
"LINESTRING (-13266.931336220694 197007.47393500662, -13219.36151501795 196960.22517358253, -13206.54 196948.84, -13202.041919759818 196944.88413075753, -13193.564593340649 196937.42868464513, -13190.908534976012 196935.0927948811, -13187.253216074248 196931.87809820098, -13187.173622747872 196931.80809927368, -13176.827154607312 196922.70882293803, -13174.85 196920.97, -13171.15 196917.67, -13149.509527577286 196898.34156138037, -13129.114064836951 196880.12511758026, -13120.731997651797 196872.7570622126)"
"LINESTRING (-13120.98671542405 196872.99410271287, -13118.157545544043 196876.26685116137, -13115.186587509505 196879.7036183795, -13104.190112684826 196892.42420337367, -13103.74 196893.12, -13135.98 196924.31, -13154.59 196942.32, -13170.832578607362 196957.1324740186, -13171.70223594562 196957.92556094402, -13188.89 196973.6, -13248.111866695039 197027.81349440012)"
"LINESTRING (-13324.929257729847 196885.26502176566, -13333.788757279133 196874.06888346083, -13369.83 196859.69, -13389.26 196855.83, -13437.82 196850.58, -13476.63 196848.54, -13514.310797135178 196849.8756823756, -13530.75744629275 196850.098936761)"
"LINESTRING (-11705.089612974785 198347.3461407926, -11640.760097947903 198356.53495937772, -11595.79969929438 198354.7565510366, -11570.842159659602 198355.70420021005, -11538.667689376516 198353.9282154825)"
"LINESTRING (-13199.68 197302.54, -13200.58 197288.48, -13206.071489011498 197270.3751057701, -13209.02 197260.99, -13214.84924553029 197236.28878569664)"
"LINESTRING (-14180.239531456375 197279.5150978327, -14243.71 197268.43, -14405.429646806211 197235.36320199238, -14565.74 197205.26, -14580.307421084644 197201.70936867714, -14663.561551216395 197181.07065251406)"
"LINESTRING (-14696.25939060271 197174.58026644427, -14708.732017490018 197172.1045015215)"
"LINESTRING (-14663.561551216395 197181.07065251406, -14696.25939060271 197174.58026644427)"
"LINESTRING (-14111.187762712229 196161.96562157696, -14104.532020000668 196144.99118257881, -14103.839054639793 196142.6870727539)"
"LINESTRING (-14153.083966477277 196955.0677943463, -14129.852897374292 196964.05105906937)"
"LINESTRING (-13678.76704652937 197792.36430814822, -13678.719629346368 197792.41410810463, -13675.711214766847 197796.46386471172, -13668.144133091228 197806.65023969498, -13664.95 197810.95, -13661.255905915003 197817.75346191818, -13658.621336359773 197822.83374581407, -13647.500755011084 197845.9613701273, -13642.198312926437 197856.9889310642, -13638.63 197864.41, -13629.05 197875.3, -13619.04 197883.67, -13609.57338138859 197887.00269994707, -13603.9 197889, -13587.4 197889.76, -13570.9 197886.21, -13525.744309843845 197858.6908356541, -13518.996894001963 197854.57876816447, -13504.621247165203 197845.8178393311, -13494.96 197839.93, -13482.76 197832.04, -13466.15 197825.42, -13452.04 197823.48, -13432.94 197824.64, -13414.21 197828.38)"
"LINESTRING (-13874.58 197575.54, -13861.01 197588.69, -13825 197627.8, -13755.64 197706.02, -13707.45 197762.24, -13678.77 197792.36)"
"LINESTRING (-13612.486205037922 198301.39231389845, -13604.532515450546 198257.41129521673, -13598.82392197982 198177.61593587833, -13599.555920885447 198152.697124097, -13593.57315465766 198113.1545244213, -13583.547745533962 198064.17912265175, -13567.545875922277 198039.04738566693, -13546.573346554058 198017.62121493166, -13491.62 197976.72)"
"LINESTRING (-13615.843313018377 197010.1391335814, -13604.96069805043 196983.5112535835, -13584.756122325758 196939.45678847446, -13562.777248234646 196901.42526952323, -13541.091431924864 196875.1439581031, -13532.547264032524 196864.86387136806, -13530.836798950351 196859.16463671802, -13530.83211423518 196850.17360470345)"
"LINESTRING (-13687.56 197167.16, -13615.843313021873 197010.1391335757)"
"LINESTRING (-14130.412896662121 196963.57805532694, -14140.7 196979.56, -14148.7 197006.2, -14162.28 197140.69, -14180.282179478538 197279.44183071773)"
"LINESTRING (-13526.829999999143 196888.25999999978, -13512.010396363637 196889.36517690422, -13511.360486827627 196889.41364412554, -13510.454587494085 196889.48120187173, -13480.079169231469 196891.7464588619, -13477.86656767231 196891.9114643642, -13474.113093607632 196892.1913809497, -13470.893940360496 196892.43145038123, -13468.298372335474 196892.625015736, -13465.868932942854 196892.80619199236, -13463.240018697894 196893.00224415265, -13451.694902329515 196893.86322507245, -13448.575638535029 196894.09584521462, -13444.74862205727 196894.38124625018, -13440.443578737519 196894.7022962976, -13431.646743712452 196895.3583232158, -13427.081034878132 196895.69881248125, -13421.116760265024 196896.14360025804, -13416.601079979591 196896.4803586277, -13412.478045817516 196896.7878352812, -13407.46075510803 196897.16200141623, -13403.912673803361 196897.42660076785, -13400.904235587415 196897.65095605538, -13398.309828823296 196897.84443480874, -13396.039210358991 196898.01376694118, -13395.184009751238 196898.07754381292, -13393.141203806354 196898.22988675043, -13392.245628285209 196898.29667459484, -13390.368424917235 196898.43666766473, -13388.620168763724 196898.56704445288, -13386.954254068052 196898.69128059928, -13382.009999998845 196899.06000000238, -13380.05636972877 196900.35701594714, -13378.041343990906 196901.6947923684, -13375.417456146866 196903.4367925939, -13371.960210716828 196905.7320592656, -13367.478455006543 196908.70749873636, -13365.399351457885 196910.08781644268, -13360.59888539713 196913.274847847)"
"LINESTRING (-13784.11 197210.21, -13801.85296468254 197214.9334698285, -13812.886379535135 197217.87074683348, -13830.329558631922 197222.51440879478, -13880.378108191038 197233.6388559646, -13920.885018258436 197242.54291727988, -13928.692415500245 197244.3542146975, -13951.061909261696 197250.43700978393, -13984.86 197259.76, -14020.595988359548 197267.34491019792, -14062.645934529275 197276.26994851825, -14075.32 197278.96, -14095.880796215575 197282.96054349223, -14104.115991509672 197284.56287720517, -14110.32 197285.77, -14122.35123035196 197284.9226660941, -14134.385814655525 197284.22623474163, -14136.74 197284.09, -14159.335589504226 197281.68939030007, -14171.334742713903 197280.41457144305, -14180.239531456375 197279.5150978327)"
"LINESTRING (-13246.971881925649 197027.42643857875, -13251.636288167834 197041.22307271895, -13255.845991028473 197056.3836942967, -13228.28510576975 197177.9121277469, -13214.854078635573 197236.42010284774)"
"LINESTRING (-14187.46 196256.26, -14164.99 196240.83, -14146.48009356322 196225.01108936392)"
"LINESTRING (-14146.48009356322 196225.01108936392, -14130.95 196211.74, -14126.44 196207.47)"
"LINESTRING (-14160.396492284026 197724.51524692355, -14168.083465140706 197728.55159247245, -14178.635476961528 197734.09233871143, -14178.981516929472 197734.27404052182, -14180.224637152467 197734.92678938308, -14193.03852680895 197741.6552229867, -14193.16544284822 197741.7218652137, -14193.463247098747 197741.87823897533, -14194.008765237488 197742.16468459603, -14194.873598319315 197742.61879900823, -14195.847569073168 197743.13022042083, -14197.18887584522 197743.83452596737, -14199.010845178518 197744.79122217873, -14201.240830154456 197745.9621629508, -14202.345096518478 197746.5420011662, -14205.074787769277 197747.97533224928, -14207.278048176699 197749.1322402421, -14217.712213763447 197754.61110670978, -14219.977730697694 197755.80070492538, -14223.687753511673 197757.74879741258, -14235.933422717333 197764.17886465922, -14237.488565211 197764.9954530093, -14240.676530595823 197766.66941883837, -14241.192378751137 197766.94028507458, -14241.743235402111 197767.2295338898, -14242.311385250076 197767.52786317398, -14242.90702346254 197767.84062629836, -14243.544598708455 197768.17541010128, -14244.248459485394 197768.54499971308, -14245.039543352503 197768.96038921757, -14245.93674292785 197769.43149892223, -14248.079062425166 197770.5564075083, -14249.21383340673 197771.15226336545, -14250.33556364722 197771.7412716718, -14251.691004399965 197772.45299881735, -14252.816215551671 197773.04383491218, -14260.723383485685 197777.1958024929, -14261.144066136734 197777.4166983615, -14262.71321532718 197778.2406414752, -14263.240883640574 197778.51771434743, -14263.851176119899 197778.83817226737, -14264.555227892202 197779.20786216875, -14265.381603049524 197779.64178274455, -14267.290308351652 197780.64402306644, -14268.314484936032 197781.1818070127, -14269.497823239404 197781.80316504047, -14271.7097137917 197782.96460462819, -14274.020418937584 197784.17793068048, -14275.418789195386 197784.9121996406, -14277.746729982115 197786.1345759398, -14279.153686181926 197786.87335328432, -14281.40962793674 197788.0579236777, -14282.88 197788.83, -14284.035789351574 197790.1784938214, -14285.335457698618 197791.6948555473, -14286.671132868902 197793.25322750505, -14287.289640531568 197793.97485879582, -14288.65446969063 197795.56724557962, -14289.194747368843 197796.19760362015, -14290.579905835843 197797.81370921232, -14291.082050667042 197798.3995765258, -14292.482977394666 197800.03407941674, -14292.977690930706 197800.61127641707, -14294.355672504036 197802.21900851387, -14294.890322326466 197802.84280036765, -14296.20421318048 197804.37575591553, -14296.818328141373 197805.09226211044, -14297.507294377734 197805.89609951526, -14298.74975271552 197807.34571262135, -14299.57956254344 197808.31387643458, -14300.67781807409 197809.5952438355, -14301.651711042814 197810.7315137356, -14303.863967451265 197813.3126191024, -14304.282701068529 197813.80116807105, -14305.360034372723 197815.05812488793, -14306.462069488702 197816.3439020435, -14306.757005981875 197816.6880132245, -14307.852702742653 197817.96639523248, -14308.924517474838 197819.2169133672, -14309.962210631866 197820.4276208451, -14310.977640480258 197821.61235305844, -14311.976051857846 197822.7772293156, -14312.200031984778 197823.03855359313, -14313.184861184132 197824.18758311888, -14314.146025582966 197825.30900221784, -14315.06586644687 197826.38220791917, -14322.57703437237 197835.14571099653, -14322.790908164907 197835.39524391308, -14324.72592942362 197837.65289078286, -14324.946863207964 197837.9106608019, -14326.850814921469 197840.13205790895, -14335.72 197850.48, -14340.163625667383 197855.27234068612, -14342.309441441032 197857.5865500743, -14343.389692848217 197858.75157457398, -14344.685477099421 197860.1490459301, -14345.116071606288 197860.61343148572, -14356.796059883423 197873.21001077114, -14358.30300321619 197874.83521198877, -14359.36047105264 197875.97566496933, -14360.430097902698 197877.1292311462, -14362.48 197879.34, -14364.032359277917 197880.49456126377, -14366.276916024663 197882.16394174224, -14367.387087076298 197882.98962720734, -14368.078541076484 197883.5038934701, -14377.871073861632 197890.7870522007, -14379.389926463413 197891.9166930025, -14382.46019987597 197894.20019708673, -14384.324877069126 197895.58704360307, -14385.18450923608 197896.22639173284, -14391.511121696536 197900.93178550454, -14394.656884009566 197903.2714341692, -14403.379845886693 197909.75910363594, -14407.84164444351 197913.0775492134, -14407.8581321275 197913.08981186518, -14410.031079259143 197914.70593296687)"
"LINESTRING (-14190.55 196251.82, -14171.477111283333 196238.53110126572, -14153.663808905447 196222.55811339343)"
"LINESTRING (-14153.66 196222.56, -14145.44 196215.19, -14141.81 196210.95, -14135.67 196203.64, -14128.32 196193.95, -14124.85 196188.78, -14118.9015496584 196177.9223390826, -14116.889442098514 196174.0352396023)"
"LINESTRING (-14116.889442098514 196174.0352396023, -14114.838475765931 196170.07307061864, -14111.25574271156 196162.97443899815)"
"LINESTRING (-14569.861327146678 196634.3676760433, -14561.52 196647.01, -14519.54 196691.88, -14490.29 196711.8, -14447.61 196744.56, -14432.77 196761.89, -14424.19 196777.5, -14414.83 196790.43, -14395.561762218018 196807.51015025403)"
"LINESTRING (-14377.93 196758.62, -14388.79 196752.51, -14417.699152304653 196747.12216644062, -14425.3 196742.49, -14442.149996434244 196730.83016289523, -14453.79 196719.53, -14535.89 196656.92, -14551.37 196636.27, -14582.38 196578.26, -14589.744454946447 196570.8980023868)"
"LINESTRING (-12023.757993526047 198169.75339642706, -11931.72526927702 198253.32526927703, -11891.63 198285.93, -11853.08 198311.19, -11826.97 198321.43, -11794.56 198329.16)"
"LINESTRING (-13120.63743926101 196872.67084173605, -13117.8822499811 196867.67357074097, -13117.69028190721 196863.20267601687, -13117.911761271209 196856.42781365933, -13119.573235955793 196841.74511912902, -13120.623617006935 196834.42406873425, -13123.774598238002 196823.78435978244, -13132.740121726634 196793.5110723445, -13141.595629301739 196763.6092683316, -13144.67 196753.22, -13160.936408953345 196698.30254280582, -13170.722820698531 196665.25741653697, -13189.113350760117 196609.40469560918, -13194.601107482884 196592.7381751919, -13197.516965495011 196583.88260641432, -13201.369140738696 196570.2438237948, -13212.238159315784 196531.76162288673, -13215.875916559266 196518.88199588953, -13221.124231289787 196501.73209548672)"
"LINESTRING (-13341.453424626732 196173.5806671741, -13411.209657710202 196242.8289731306, -13511.947608117076 196266.45598961733, -13593.54 196279.21)"
"LINESTRING (-14410.03000000026 197914.71000000462, -14419.42439723877 197918.71418966108, -14420.51205460918 197919.17778368224, -14423.147957696672 197920.3012890664, -14425.56366034494 197921.33093804884, -14427.762234105412 197922.26803982208, -14429.823076059009 197923.14643593677, -14431.467199762454 197923.84721353432, -14436.962815200335 197926.1896188993, -14443.49061935394 197928.97197578795, -14446.903041928954 197930.42645837276, -14458.106922620864 197935.20190718974, -14468.610755553957 197939.6789734789, -14482.008695288252 197945.38959975325, -14483.19137123664 197945.89369370195, -14483.536254176617 197946.0406937346, -14483.928089750825 197946.20770646713, -14484.380080085712 197946.400359064, -14485.73999999836 197946.98000000417, -14486.847836727333 197947.16596145977, -14487.537898073026 197947.28179514623, -14488.20846193396 197947.3943559852, -14488.870728636668 197947.5055240633, -14489.28459154695 197947.5749950848, -14489.950598822788 197947.6867910555, -14490.645517275201 197947.80344005578, -14491.387997078948 197947.92807270377, -14492.184946383748 197948.06184860133, -14493.014871324649 197948.20115978864, -14510.680394387176 197951.16649420734, -14510.74697786941 197951.1776709096, -14511.944146771539 197951.37862766234, -14516.528942996123 197952.14823148327, -14517.765461665349 197952.3557934873, -14519.297379929501 197952.61294126263, -14523.058849152794 197953.24434142627, -14525.582173824736 197953.66790666533, -14530.9158876034 197954.56322377492, -14534.294489228687 197955.13035578968, -14534.60408984466 197955.18232534413, -14536.019999998622 197955.41999999993, -14545.5625055457 197955.27705417358, -14548.97765733955 197955.22589552423, -14551.667670344048 197955.18559938503, -14552.004152506694 197955.1805589142, -14554.054479953405 197955.14984520388, -14555.579714894475 197955.1269973294, -14566.776444930636 197954.95927137742, -14571.939678202198 197954.88192663362, -14572.063708795456 197954.88006866712, -14572.183431634598 197954.87827523038, -14572.303667795502 197954.8764741041, -14574.456792755222 197954.8442204968, -14574.583125728108 197954.8423280409, -14574.72549973121 197954.84019529185, -14574.885243969273 197954.83780233833, -14575.075951214516 197954.83494556192, -14579.250975454705 197954.77240409554, -14580.58436200008 197954.7524300918, -14582.19722833213 197954.72826950738, -14583.40536257709 197954.71017177118)"
"LINESTRING (-14188.436927578365 196950.22280521033, -14187.55 196950.01, -14179.91 196932.29, -14179.51 196917.28, -14377.934521117188 196758.61806908777)"
"LINESTRING (-14026.95 196241.1, -13995.44 196273.24, -13957.06 196300.33, -13904.638939933808 196320.75829546325, -13857.86 196330.58, -13804.66 196325.45, -13744.68882313981 196312.28879473486, -13731.198306622207 196305.08096166185, -13722.64 196295.86)"
"LINESTRING (-13699.88 196290.2, -13693.370021710321 196294.29058300192, -13685.636343016613 196296.3602034296, -13678.941112084665 196296.02735054665, -13672.737475731368 196295.24753484293, -13635.63 196286.93, -13600.52 196280.43, -13593.51 196279.23)"
"LINESTRING (-12184.509104098532 196809.1463832554, -12187.094607667672 196852.44252697218, -12185.415610583183 196856.88222687904, -12182.061358982204 196863.5403107502, -12170.344183730003 196873.51605844143, -12130.993593975796 196915.6534092946, -12127.639342369075 196922.31149315927, -12108.318176934505 196981.14244813152, -12093.20588188417 197022.2104553909, -12090.687436257858 197028.87005527492, -12087.323978240445 197041.08137906826, -12086.471380732628 197051.075634929, -12087.292016463289 197059.96211483696, -12091.459318681345 197066.6329428174, -12098.133638839081 197073.3081188485, -12104.817365405499 197074.4300549389, -12129.04707500857 197077.80294328966, -12142.408864292382 197083.37883942566, -12194.150326424467 197125.67103573607, -12197.489307788393 197127.8980157608, -12202.501522393008 197129.01721982038, -12210.860403482058 197127.9208719668, -12226.748123524158 197122.3948362785, -12231.76418068677 197121.29282437195, -12236.774574014353 197123.5226364256, -12239.277849392785 197125.74820043286, -12241.77738221415 197130.19498041988, -12242.563634881042 197159.0729040923, -12244.225440433023 197164.62897605752, -12250.06577589831 197170.19212808186, -12258.411308018804 197176.8702361289, -12272.60658200797 197183.55835627418, -12276.783090628773 197184.6762443284, -12325.268307775132 197175.87450918034, -12341.146421411364 197175.9019134335, -12352.840341299061 197179.25396156922, -12353.670283444779 197182.5873015443, -12361.112764743844 197228.13627312853, -12364.42100560453 197248.1334809395, -12363.554559116119 197265.902192719, -12364.843050730879 197280.34039655363, -12362.684270068557 197285.89212048528, -12347.596151656126 197312.52132393507, -12345.918975849618 197315.85041586607, -12310.776735165826 197341.33442703175, -12309.095816796571 197346.88473493335, -12309.090152950976 197350.21665889828, -12312.427013031183 197353.55424691754, -12315.769736955766 197353.56001096347, -12363.427854541433 197339.20401986656, -12373.627930426781 197335.95639949464, -12384.334974321975 197330.35505629057, -12390.192401311593 197325.9226364415, -12410.292834332344 197300.41283704495, -12415.320419191032 197292.6471772126, -12420.340218921905 197289.32394932935, -12437.059602386731 197286.0210456178, -12439.56085648344 197289.35731762517, -12449.583164413201 197292.70673373115, -12453.763415602749 197291.60330581598, -12459.62094259285 197287.17098595214, -12462.141509505109 197279.40097808154, -12588.450032066798 197210.7626008211, -12593.144604488596 197206.47905319915, -12601.376871101622 197196.92137124122, -12607.856147053426 197187.53922362512, -12615.405571461974 197179.39760543383, -12621.265510097624 197170.63911246767)"
"LINESTRING (-14127.682426548223 196964.84701574605, -14112.893357220579 196958.42529929845, -14088.659805057112 196957.26702698923, -14066.946498504381 196949.4498547916, -14042.732437846724 196938.295910601, -14018.516155906495 196928.25277439735, -14010.927983893236 196926.30014870537, -13992.124425697346 196923.62762766547, -13959.171446164612 196932.5793695361, -13920.687366762671 196953.60658475614, -13898.101492498543 196964.66913231133, -13877.454945898317 196971.01357061273, -13853.784941453028 196976.80027155622, -13844.883017289354 196978.9176919552, -13837.342173771576 196979.6786535175, -13825.366395550322 196978.9666431383, -13782.757918203723 196972.22067863165, -13766.004136366235 196967.65486692835, -13752.68290929171 196966.60966228737, -13755.362850792248 196876.65316344282, -13752.879066911068 196864.43142755746)"
"LINESTRING (-12621.000950965452 197171.4277260919, -12620.670877103039 197188.92164079973, -12621.000950965452 197203.77496460828, -12621.000950965452 197220.6087315913, -12621.832381847315 197236.36612502486, -12626.766145209782 197281.91094856896, -12635.030704806559 197334.12548409216, -12638.355737199076 197344.1271200236, -12646.679035228677 197363.02261593565, -12657.497523514554 197388.58640780486, -12669.14767521713 197416.37293166853, -12681.00099717874 197446.15446219704, -12683.288874606602 197453.0490674656, -12700.760870230384 197496.3949152492, -12715.745360727422 197528.630035121, -12724.899922167882 197549.7484630216, -12737.383158561774 197578.6472108923, -12775.836682676338 197570.94129155204, -12792.54960230086 197570.97121180594, -12810.937676455826 197568.78284810483, -12829.327871890739 197565.4838764146, -12841.866504171863 197563.2851006277, -12856.918118244968 197557.75894891284, -12943.883557463996 197525.70728255995, -12963.091367346235 197532.40589876473)"
"LINESTRING (-13569.29132743191 196909.97076884765, -13631.982097043929 196899.47463182732, -13668.77083042325 196890.65967245062, -13685.9901503832 196886.15136761867, -13753.23428770333 196861.94488199084)"
"LINESTRING (-13753.234287707135 196861.94488198496, -13762.435838609934 196857.5199261643, -13766.879636002139 196854.85117203393, -13769.624947372333 196845.73595590383, -13772.376722582196 196834.383225444, -13776.574370748061 196812.84728644876, -13781.834942250513 196765.3744315952, -13786.335817317462 196754.2568046047, -13791.908760855906 196742.07045603544, -13806.154845528305 196722.10638448782, -13849.984909499788 196671.96511800913, -13859.652775928085 196661.2954812481, -13867.295280044898 196654.4756662026, -13909.976759538986 196624.57126717642, -13927.553540455177 196611.27780758776, -13945.128200096078 196599.09495598264, -13959.34690815024 196593.56948825344, -13976.068491588347 196590.27018452063, -14019.534466399811 196587.02319315262, -14076.37253689859 196583.80275796354, -14092.256293077022 196581.61274620332)"
"LINESTRING (-14092.256293077022 196581.61274620332, -14100.62263798993 196577.1866743751, -14117.368455477059 196561.6706828028, -14126.590297861025 196547.25065511465, -14145.049531563185 196510.63614385203, -14150.099207870662 196492.8759121541, -14145.10214220453 196483.98095220514, -14137.602101147175 196472.8598282542, -14120.567567399874 196443.98948707533, -14105.958701559342 196413.93369662203, -14090.978110934608 196381.69577686116, -14077.651362058707 196358.34615299478, -14057.10446849877 196320.54368122667, -14030.190065850504 196267.18088560924, -14026.02406360861 196260.5088576395, -14017.681352741085 196252.71814163774)"
"LINESTRING (-12646.679035228677 197363.02261593565, -12752.060325220227 197314.34168208577, -12829.006056468002 197278.9387996476, -12915.147074777633 197242.44278535806, -12936.055194548331 197233.59542176686, -12963.656847286038 197220.31775433198, -13023.870646084659 197195.9931315109)"
"LINESTRING (-12700.760870230384 197496.3949152492, -12776.029046989046 197463.209816752, -12809.48318417836 197447.72074542567, -12881.40983699821 197414.53078287467, -12968.385161315091 197378.03678458184, -12997.655604743399 197365.87295714766, -13024.411145105958 197358.14711363055, -13094.652015695348 197333.84128293954, -13132.133525977524 197321.68658285425, -13153.367071325165 197315.6643349007)"
"LINESTRING (-12620.716249787787 197170.60051989494, -12630.772019486267 197155.06940022507, -12669.272833027582 197121.81839721292, -12683.499447512057 197110.7371895538, -12703.575903856463 197099.666493996, -12726.979413883986 197097.48672637405, -12758.728056028054 197101.98586679233, -12766.829714978117 197101.49502576987, -12777.95697871248 197097.57760313482, -12799.697061895233 197090.952671551, -12838.173198782788 197072.14077233928, -12858.236006161496 197068.84493269076, -12875.879453926025 197066.7675774238, -12889.42024985757 197065.49755881904, -12895.012933159627 197065.57911326806, -12899.160923486272 197065.5426229621, -12907.555406886739 197064.4588503542)"
"LINESTRING (-13913.205453106855 197598.35363434957, -13967.89 197624.5, -14047.791035874501 197665.38735077585, -14160.396492284026 197724.51524692355)"
"LINESTRING (-14395.562347519315 196807.51075385784, -14295.16616455837 196885.13986286806, -14242.17483390351 196930.81369364104, -14216.75616455837 196950.38986286806, -14206.346164558368 196954.51986286804, -14188.436927578365 196950.22280521033)"
"LINESTRING (-12143.55780363417 198100.30931214336, -12133.650505132908 198097.130284556, -12123.980777461386 198094.0274880743, -12123.804203091184 198093.98635592256, -12104.769825009174 198089.5523878122, -12027.927936511478 198070.54187878768, -12007.047593393107 198064.9535385113, -11999.529160840515 198063.83028640854, -11992.846334267868 198062.70845030263, -11919.342427133344 198045.92592129763, -11875.908407634533 198035.85781670123, -11856.697155194484 198031.38341644165, -11840.822862825744 198030.24640419774, -11833.304330273668 198029.12335208617, -11810.737904911337 198032.41794368866, -11780.636455435904 198044.5852550781, -11739.652494070475 198068.951846175, -11676.910894043154 198113.2745647111, -11646.802759423876 198129.88500805962, -11613.366971151745 198137.6050234447, -11575.767723249557 198136.43339484057, -11535.683312831938 198121.93022231094, -11495.623700396698 198091.87843795898, -11471.439901613494 198061.8523578458, -11456.468824055737 198018.5134580287, -11453.172753531544 197989.63158626237, -11457.400579411697 197958.54044264535, -11465.79580748716 197934.11992703544, -11478.369065475077 197909.70609149444, -11526.091713209576 197852.02978887648, -11545.357504180582 197823.18434949647, -11565.47691396175 197783.23394624647, -11585.612815293245 197733.28787110743, -11607.447347830379 197666.68510816776, -11607.467181947688 197654.4681203083, -11614.18653418974 197633.37689664826, -11626.777183697903 197598.96758922862, -11644.414252181397 197544.57513411742, -11651.128440562397 197526.81593442176, -11662.872856377267 197499.06915891907, -11670.419108171502 197483.53249121347, -11677.828589655805 197472.7379918607, -11698.900420279306 197441.37493215303)"
"LINESTRING (-11754.053915039636 197441.4653890431, -11767.41712560691 197445.9299772121, -11784.119317537174 197452.62124540843, -11808.325871752575 197469.32072960772, -11869.251314508729 197516.0684340708, -11929.349557697773 197557.2620825786, -11956.064151138999 197572.8556068316, -11974.448282729834 197572.88635912724, -11997.016308072023 197569.59236752242, -12007.051464979537 197565.1666277293, -12012.910313262604 197559.62329988554, -12136.79323956184 197437.6623912081, -12156.032289947383 197426.588779632, -12183.629921431653 197414.41872020625, -12411.894780165516 197340.39855660126, -12426.952358074486 197331.53968093544, -12433.649333612993 197324.88746111654, -12444.545873153023 197306.02553350292, -12449.583164415322 197292.70673373528)"
"LINESTRING (-11754.053915039636 197441.4653890431, -11775.799383376725 197430.39482552186, -11779.988640979864 197423.737857664, -11776.66979372967 197409.29418977723, -11776.67161501199 197408.1834817864, -11763.306483161636 197404.82960161194, -11746.589620972052 197407.02339731157, -11739.900630556978 197409.23368517868, -11723.171019389294 197419.20193679817, -11719.824652899988 197421.41768871248, -11708.112720183097 197429.1730204355, -11698.900420279242 197441.3749321513, -11700.551698129624 197453.59465203807, -11713.079302720726 197458.05762419477, -11718.0950598903 197456.95521228574, -11729.799707475118 197453.64251251332, -11733.981679946184 197451.42817660794, -11754.053915039636 197441.4653890431)"
"LINESTRING (-13621.313328876975 198463.7890056704, -13621.092922067959 198448.75009188397, -13620.967144496602 198440.1679702138, -13620.883262951682 198434.4445203442, -13620.869435336825 198433.50102722514, -13620.861344543971 198432.9489719745, -13620.850287109313 198432.19449525364, -13620.751587578316 198425.45997673282)"
"LINESTRING (-13221.124231289787 196501.73209548672, -13221.682780412691 196499.90692639534, -13230.048889370048 196472.56902027788, -13239.332543425433 196442.2328551279, -13242.526203940053 196431.78763203928, -13259.005562998575 196377.8035247786, -13270.164957796047 196341.24688664897, -13273.708353640892 196329.3848658146, -13278.35700899408 196313.82283180373, -13279.18677692317 196311.04506581498, -13292.218757263401 196267.4186607849, -13299.720259623402 196242.3063162488, -13306.012810168786 196221.24110961115, -13316.06 196188.95, -13319.842249548858 196176.47131374065)"
"LINESTRING (-14595.547680760388 196581.3606799983, -14580.13 196610.71, -14573.04 196629.55, -14569.861327146678 196634.3676760433)"
"LINESTRING (-13613.997209224206 197004.55127972897, -13569.84119861004 197016.06264331695)"
"LINESTRING (-13252.430611230377 196992.6098225746, -13318.16539254508 196921.9136534566)"
"LINESTRING (-13318.16539254508 196921.9136534566, -13316.69659584851 196910.53265073284, -13318.705688017726 196898.16861267688, -13325.109851683566 196883.56001709818)"
"LINESTRING (-13318.16539254508 196921.9136534566, -13330.579896675172 196921.9365178867, -13344.43737464002 196918.28306650667, -13360.464879155921 196913.4173191141)"
"LINESTRING (-13536.351875229404 196899.66026715687, -13548.452913399708 196886.27124205994)"
"LINESTRING (-11685.69 198461.89, -11692.59 198461.56, -11714.31 198460.53, -11721.53 198460.19, -11728.26 198459.15, -11734.19 198458.23, -11740.76 198456.58, -11744.28 198455.52, -11747.64 198453.95, -11752.77 198451.55, -11755.4 198449.41, -11758.28 198447.08, -11772.25 198430.73, -11777.33 198413.34, -11776.52 198394.75, -11775.547696675554 198382.2686401793, -11774.881343869594 198373.75426877392)"
"LINESTRING (-11619.34 198478.9, -11685.613552176665 198461.9044836427)"
"LINESTRING (-14480.48 197919.66, -14481.37 197901.73, -14479.69 197892.25, -14475.19 197881.72, -14471.45 197877.16, -14466.21 197874.53, -14447.88 197874.53, -14439.040444828895 197878.2820831201, -14430.61 197889.99, -14428.11 197897.95, -14428.58 197907.63, -14432.48 197917, -14439.51 197927.14)"
"LINESTRING (-12656.38 198417.57, -12671.26 198416.4, -12698.52 198404.21, -12717.85 198399.12, -12737.8 198399.14, -12772.65468706056 198404.94100352973)"
"LINESTRING (-12656.41 198417.57, -12665.88 198414.77, -12673.35 198408.12, -12679.57 198400.36, -12682.99 198391.1, -12681.76 198376.44, -12663.46 198345.58)"
"LINESTRING (-12603.68 198325.25, -12576.14 198302.44, -12567.48 198292.41, -12565.44 198278.55, -12575.63 198258.01)"
"LINESTRING (-14398.107438259449 196805.3545227538, -14444.57 196793.54, -14457.6 196792.12, -14486.52 196793.3, -14509.04 196787.22, -14519.14 196786.25, -14533.59 196789.11, -14551.45 196797.37)"
"LINESTRING (-13541.59 198323.11, -13541.56 198337.38, -13547.62 198353.75, -13556.53 198362.11, -13571.85 198366.79, -13582.19 198368.46)"
"LINESTRING (-13541.69 198323.16, -13535.5 198331.69, -13523.74 198383.83, -13506.99 198410.24)"
"LINESTRING (-12490.380413370807 198335.39645929757, -12492.02102012719 198333.87143422925, -12494.144178910037 198331.8978532018, -12502.49 198324.14, -12503.961000701349 198323.1680744132, -12504.83149962721 198322.59291481023, -12505.7821047508 198321.96482711338, -12506.743912149754 198321.3293378034, -12509.24980993865 198319.6736307893, -12510.240070162457 198319.0193420128, -12512.32903818556 198317.63911053512, -12513.803030136005 198316.66520855797, -12515.157878649417 198315.7700275188, -12516.214730526037 198315.0717400337, -12525.465394616025 198308.95960350247, -12526.470212040775 198308.29569643273, -12527.355820630757 198307.71055351084, -12528.510020901022 198306.94794559776, -12538.95 198300.05, -12547.569779553582 198288.70212320148, -12548.849219220241 198287.01775022905, -12549.518843929318 198286.13619419243, -12549.586038813517 198286.04773261835, -12551.38632810003 198283.67766492718, -12553.214251578367 198281.2712170244, -12553.659657622575 198280.6848432217, -12555.516096141135 198278.24085547682, -12562.9 198268.52, -12567.800924634139 198264.47375350315, -12568.982260579369 198263.49843215325, -12571.172980794736 198261.68975426923, -12572.453390374068 198260.63263685536, -12575.63 198258.01)"
"LINESTRING (-11811.773987895876 198588.20299482121, -11783.864268000705 198559.80018599262, -11760.19 198529.4899999999, -11750.16999999999 198517, -11740.36 198507.98, -11727.94 198499.59, -11714.26999999999 198493.48, -11700.99 198489.8, -11687.257857974499 198488.16169138715)"
"LINESTRING (-11687.11630552023 198488.1536236307, -11649.16 198489.51, -11620.31 198484.26)"
"LINESTRING (-14377.86 196758.6, -14379.54 196751.94, -14385.57 196734.24, -14394.42 196701.42, -14397.22 196687.76, -14399.18 196674.63, -14400.35 196667.4, -14402.03 196655, -14402.54 196645.32, -14402.66 196627.56, -14397.32 196607.18, -14394.11 196591.91)"
"LINESTRING (-13594.86 198361.47, -13572.89 198392.41, -13568.26 198401.68, -13569.18 198409.8, -13572.27 198417.91, -13577.52 198425.73, -13589.26 198432.11, -13601.93 198432.4, -13620.75 198425.46)"
"LINESTRING (-12613.76 198414.23, -12656.38 198417.57)"
"LINESTRING (-11811.66 198588.88, -11817.098361592032 198591.2652463123, -11817.657111105224 198591.51031188827, -11825.33999999999 198594.88, -11826.426750333994 198595.0745758482, -11827.142932517187 198595.20280378743, -11835.17 198596.64, -11836.830076583663 198596.49719771324, -11837.858722933339 198596.40871200574, -11838.915197025617 198596.31783251395, -11847.095127595212 198595.61418257243, -11850.05 198595.36, -11864.71999999999 198589.34, -11873.420291600998 198582.02505666795, -11873.669669958399 198581.8153868504, -11873.983446524293 198581.55157295728, -11874.402104431094 198581.19957798926, -11874.428751513111 198581.1771739247, -11874.52712963993 198581.09446055646, -11876.15 198579.73, -11884.18 198567.14, -11884.928498151883 198564.4842176685, -11885.078434747858 198563.95222041316, -11885.668732951255 198561.85775493592, -11888.22999999999 198552.77, -11888.129376923102 198550.1018114111, -11888.101411246724 198549.3602548925, -11888.004883439682 198546.80065920908, -11887.957671854332 198545.5487653375, -11887.878132237722 198543.43963983704, -11887.77360337458 198540.66788281602, -11887.63 198536.86, -11886.566997804402 198533.81015006427, -11885.933150342518 198531.9915840736, -11885.268092162134 198530.08347169426, -11882.12999999999 198521.08, -11878.611830770684 198515.2125269761, -11878.444179191918 198514.93292384967, -11876.221461985819 198511.22595798294, -11873.01 198505.87, -11871.905737696534 198504.3680602254, -11870.640212238994 198502.64678167185, -11868.02310669481 198499.087179122, -11865.805344185579 198496.07073482903, -11863.927455207544 198493.51656256441, -11860.835836069822 198489.31156006068, -11859.723045756733 198487.7980210883, -11859.003667510322 198486.8195734877, -11855.716928328502 198482.3491824489, -11855.426075499188 198481.95358492507, -11852.369991404004 198477.79691468226, -11852.365563452282 198477.79089209434, -11852.362574205132 198477.786826331, -11852.311531570924 198477.71740173662, -11849.064280709645 198473.30071992893, -11848.938720485114 198473.12994175896, -11846.38809869338 198469.6607657245, -11844.166552588471 198466.6391752513, -11841.884444322053 198463.53521239344, -11837.731650946112 198457.88687546534, -11835.518494701855 198454.8766962894, -11833.675020442295 198452.36933249986, -11832.243420294779 198450.42217085528, -11830.993139193803 198448.72162660136, -11830.250229421184 198447.7111730769, -11829.740800076312 198447.01828317836, -11828.502350833038 198445.3338317836, -11828.335118864308 198445.1063746435, -11828.224147339139 198444.95543899445, -11828.14527043559 198444.84815618824, -11828.082569567543 198444.76287488567, -11828.025695478846 198444.6855187578, -11827.967571908757 198444.60646317335, -11827.906335280464 198444.5231734265, -11824.123488719873 198439.37801208874, -11816.036537866219 198428.37871137532, -11815.749054078997 198427.98769618516, -11814.982077774068 198426.9445090593, -11814.686387553413 198426.54233205665, -11814.493041400441 198426.2793562433, -11814.376159552248 198426.1203817893, -11783.91666876193 198384.69152870943, -11782.773694392432 198383.13693551044, -11768.02 198363.07)"
"LINESTRING (-12575.63 198258.01, -12586.89 198255.39, -12605.24 198255.45, -12640.23 198262.38)"
"LINESTRING (-13612.26 198301.38, -13567.58 198308.63, -13547.62 198315.32, -13541.69 198323.16)"
"LINESTRING (-12031.863594720462 198534.083268634, -12001.892534893585 198525.56318641946, -11998.92955957098 198524.7208807588, -11996.616627376041 198524.06336739185, -11993.935710889944 198523.30124456392, -11991.532527316256 198522.61807480807, -11989.277396935606 198521.976993166, -11987.215655404412 198521.390887521, -11985.018461723355 198520.76627594864, -11983.070975010773 198520.21265031784, -11981.056630854755 198519.64001865525, -11978.947563465736 198519.04045935857, -11977.146916505924 198518.52857688844, -11975.536752253034 198518.07084426595, -11972.929601531725 198517.32969134644, -11971.416627471483 198516.89958765788, -11968.12880685417 198515.9649359596, -11966.636959574891 198515.54083812842, -11962.886226738481 198514.47459114497, -11959.099147215667 198513.39801163547, -11957.440033847086 198512.92636390644, -11953.780443947146 198511.88602676126, -11948.94 198510.51, -11939.934648201523 198506.76492958597, -11938.468049480014 198506.15501277163, -11936.934948390322 198505.5174395084, -11935.343291372727 198504.85551449543, -11933.358776200083 198504.03021091758, -11931.70565515296 198503.3427247579, -11930.005573477203 198502.63570900462, -11928.239192332472 198501.9011211825, -11925.87999999999 198500.92, -11924.659576643879 198500.22692873853, -11922.8629690268 198499.20664581674, -11920.781427597663 198498.0245506553, -11919.046734407728 198497.03942857333, -11916.462346106278 198495.57176962422, -11913.136979237812 198493.6833132956, -11911.554868306339 198492.7848417827, -11908.49999999999 198491.05, -11907.375529165534 198490.22576008807, -11894.676079314526 198480.917031835, -11890.07779040734 198477.5464746559, -11888.35 198476.28, -11883.596513850545 198472.09059420694, -11881.954808894663 198470.64370490584, -11877.08187561152 198466.34902637228, -11875.397588030039 198464.86460758382, -11870.935175723847 198460.9317348713, -11869.274064815974 198459.4677424578, -11865.85 198456.45, -11845.51787468747 198437.65718047094, -11844.83595789335 198437.02689027507, -11844.33191986221 198436.56101198593, -11843.96225551644 198436.21933421103, -11841.88837023459 198434.3024587626, -11841.823020635527 198434.24205665497, -11841.762300647966 198434.18593365993, -11841.695863917017 198434.12452672506, -11841.24910304618 198433.71158925348, -11841.174067774262 198433.64223475652, -11840.45473855199 198432.97736455488, -11837.623783063536 198430.36073521723, -11830.990270978358 198424.22943346968, -11829.12999999999 198422.51, -11827.516101472982 198420.78256879695, -11826.76878619417 198419.98268224302, -11808.65999999999 198400.6, -11791.59172924513 198386.91352393432, -11788.645004169839 198384.5506435468, -11776.979369983372 198375.19636124268)"
"LINESTRING (-12707.172139808727 197711.36037966318, -12684.04 197769.38, -12678.84 197776.21, -12666.46 197786.96, -12656.57 197790.47, -12643.31 197791.89, -12564.67 197791.6, -12517.37 197793.3, -12408.07 197827.73, -12392.54 197838.51, -12377.88 197855.23, -12368.97 197873.83, -12334.38 197966.63, -12325.57 197986.63, -12293.01 198047.83, -12276.73 198067.56, -12258.87 198080.59, -12254.345891567058 198082.11237108865)"
"LINESTRING (-12092.711437545742 198131.4605357542, -12073.16 198137.4, -12052.87 198147.68, -12023.757993526047 198169.75339642706)"
"LINESTRING (-13461.27 198437.72, -13468.256203175115 198436.06965751265, -13469.702335542119 198435.72803937935, -13471.38015476047 198435.33169013602, -13477.34833847999 198433.92183317686, -13479.263571809242 198433.4693998798, -13481.22241429865 198433.00666484257, -13488.212807003798 198431.35533266753, -13490.337898453752 198430.8533248356, -13492.274223864999 198430.39590898104, -13493.951248373005 198429.99974747119, -13495.455484205622 198429.64440362513, -13496.901740575075 198429.3027561989, -13499.03 198428.8, -13506.789077811038 198427.6430155089, -13508.356769927068 198427.4092511996, -13510.16227610467 198427.1400255652, -13512.29786643928 198426.82157987403, -13518.21 198425.94, -13520.613086467416 198425.99381023768, -13523.681035034188 198426.0625081575, -13526.088704432763 198426.1164210168, -13529.34200723485 198426.1892694138, -13532.5100957361 198426.2602096806, -13535.471870494537 198426.32653014216, -13536.52 198426.35, -13538.793091604566 198427.00466825702, -13558.244415912182 198432.6068026169, -13558.586955608513 198432.70545674308, -13566.29388501003 198434.92511301566, -13568.998130926682 198435.70395710503, -13569.492794611731 198435.8464241362, -13570.02996042638 198436.00113211494, -13573.463745387355 198436.99008918594, -13583.33799723795 198439.833951367, -13583.882790005795 198439.99085596824, -13584.428173859174 198440.14793080676, -13597.56 198443.93, -13598.58069657056 198444.72143771168, -13599.701496731726 198445.59049472667, -13601.959888989988 198447.34162905248, -13611.328083222026 198454.6056313226, -13621.29 198462.33)"
"LINESTRING (-14405.25271502551 197983.5320928083, -14418.120619484405 197982.7111130534, -14518.83 197976.81, -14569.402171310243 197975.2954079129)"
"LINESTRING (-14588.321457064374 196568.33246925758, -14525.2 196604.3, -14491.35 196617.35, -14475.07 196621.08, -14466.57 196622.06, -14440.99 196618.82, -14423.7 196610.91, -14398.15 196588.66)"
"LINESTRING (-14393.950837848062 197902.1806516596, -14415.661985066747 197896.6738869931, -14429.758388783846 197877.51829903855, -14443.37 197865.68, -14478.58 197848.88, -14503.109621430653 197831.4254464032, -14521.69 197814.09, -14534.50844592851 197797.95587860481)"
"LINESTRING (-14442.73 197956.95, -14420.59 197974.41, -14405.04 197981.48)"
"LINESTRING (-14534.40730340335 197808.9284938762, -14513.44 197878.74, -14500.09 197904.9, -14483.93 197921.14)"
"LINESTRING (-14483.93 197921.14, -14442.726896229822 197956.95365921658)"
"LINESTRING (-13602.42 198357.04, -13506.74 198410.12, -13458.658901687784 198438.5937386856)"
"LINESTRING (-13636.08 198338.46, -13614.76 198350.23, -13602.416342688064 198357.0386995695)"
"LINESTRING (-12772.684662844904 198404.88742978746, -12720.34 198375.05, -12667.3 198347.79, -12646.24 198337.6)"
"LINESTRING (-12613.85 198327.13, -12603.89 198325.18, -12583.94 198324.36, -12523.99 198326.67, -12488.11324614475 198336.6603849218)"
"LINESTRING (-12646.24 198337.6, -12630.82 198330.47, -12613.85 198327.13)"
"LINESTRING (-14188.584821615337 196253.96450824034, -14210.39 196269.23, -14281.773176575989 196325.7273520648)"
"LINESTRING (-14289.795296001148 196333.69759147087, -14308.36 196358.25, -14328.89 196396.35, -14337.7 196421)"
"LINESTRING (-14337.7 196421, -14353.99 196466.57, -14378.23 196554.33, -14387.37 196576.75, -14393.9 196587.2)"
"LINESTRING (-14393.9 196587.2, -14407.03 196607.21, -14458.06 196672.54)"
"LINESTRING (-14505.62 196729.96, -14522.45 196751.74, -14557.23 196806.83, -14564.12 196821.9)"
"LINESTRING (-14458.06 196672.54, -14505.62 196729.96)"
"LINESTRING (-14281.773176575989 196325.7273520648, -14289.795296001148 196333.69759147087)"
"LINESTRING (-14587.325532660308 196921.21013896103, -14593.32 196978.61, -14601.14 197004.27, -14622.74 197055.91, -14666.434163088286 197152.3765616427)"
"LINESTRING (-13234.56269252965 196975.37768457652, -13216.665728556049 196997.3014654442)"
"LINESTRING (-11686.366546486792 198473.9287239376, -11729.29 198473.63, -11769.16 198476.69, -11808.66 198482.92, -11843.73 198491.19)"
"LINESTRING (-11889.256681718853 198505.04741916046, -11933.53 198518.83, -11967.41999999999 198527.52, -11991.94 198532.37, -12031.904920521329 198537.53505358993)"
"LINESTRING (-11570.058200216434 198491.7949832298, -11571.227019227419 198491.5513912068, -11575.236988886069 198490.71567873796, -11576.063926069959 198490.543337854, -11576.56246501548 198490.43943801225, -11577.123556575025 198490.322501663, -11577.52002498645 198490.23987420616, -11577.97066906675 198490.14595606987, -11578.24736006247 198490.08829126568, -11578.48468670152 198490.038830335, -11578.748330776674 198489.98388462226, -11579.228493138853 198489.88381461988, -11579.553625800565 198489.8160541522, -11580.008721123415 198489.72120833836, -11580.567107920479 198489.60483568508, -11581.291958734402 198489.45377048638, -11581.880875474639 198489.33103512807, -11582.784581768241 198489.1426948956, -11583.522943988863 198488.98881380248, -11584.609004193337 198488.7624694328, -11585.911515423091 198488.49101479148, -11586.698491655698 198488.32700211648, -11588.161028243667 198488.02219680205, -11589.857603193512 198487.66861586238, -11590.538347040927 198487.52674293818, -11592.343715984416 198487.1504883863, -11594.318247708248 198486.7389788433, -11596.404263165661 198486.30423512292, -11596.647108358242 198486.25362407777, -11598.58683605266 198485.84936799644, -11599.492871214745 198485.66054240757, -11600.401610935125 198485.47115316527, -11600.413578966116 198485.46865892378, -11601.970347276001 198485.1442149009, -11603.368076713366 198484.85291595894, -11603.416098052741 198484.84290789516, -11604.839921688808 198484.54617069577, -11604.89925161946 198484.53380582345, -11606.490894342263 198484.20209367035, -11608.384314184941 198483.8074885471, -11608.461675303899 198483.7913658187, -11608.53024150773 198483.77707602692, -11610.826455217762 198483.29852516693, -11610.89890947114 198483.2834250719, -11614.207686082505 198482.5938473179, -11616.174234232558 198482.28784443106, -11616.24985247504 198482.2760779251, -11616.323764363327 198482.2645769348, -11618.805231192806 198481.8784506081, -11618.873147123179 198481.86788261324, -11621.042410609074 198481.530336396, -11621.101748274956 198481.52110321398, -11621.153072448242 198481.51311696396, -11622.865824121025 198481.24660584074, -11624.203360803416 198481.03847969542, -11624.236320351323 198481.03335105578, -11625.312017523556 198480.86596820268, -11626.247677914029 198480.72037564215, -11626.261825367827 198480.7181742408, -11627.196508775618 198480.57273370275, -11627.764016105319 198480.48442725514, -11628.211514780976 198480.41479464195, -11629.342391236778 198480.23882566803, -11629.437809343395 198480.22397822273, -11630.838483672573 198480.00602760288, -11632.469719374605 198479.7522006961, -11632.71622105131 198479.71384403307, -11634.70816426453 198479.40388957117, -11635.035180695037 198479.35300448514, -11637.360855401164 198478.99112004618, -11637.757786547427 198478.92935594617, -11640.18120374086 198478.55226237883, -11640.613238360906 198478.48503603556, -11642.927343596772 198478.1249518532, -11643.349926476065 198478.05919623925, -11643.671851751966 198478.0091033576, -11645.742887625469 198477.68684175616, -11646.053768363412 198477.63846744952, -11647.685492749248 198477.38456450155, -11649.45 198477.11, -11658.440564914754 198476.33523985386, -11659.958457298433 198476.20443577913, -11660.541410662961 198476.1541998887, -11662.990348019177 198475.94316319836, -11665.191970309434 198475.7534388347, -11666.000034175666 198475.6838040915, -11668.124752570044 198475.50070690582, -11669.837114562204 198475.3531444512, -11671.152745644424 198475.23977020395, -11672.194205168205 198475.15002263628, -11673.412172172706 198475.04506457155, -11674.371587817805 198474.96238711887, -11675.229577835496 198474.88844999947, -11676.045567034515 198474.8181322923, -11676.867707730551 198474.74728448107, -11686.366546486792 198473.9287239376)"
"LINESTRING (-11843.73 198491.19, -11889.256681718853 198505.04741916046)"
"LINESTRING (-14396.65 197985.12, -14393.781273147935 197985.87828183357, -14379.252394063802 197989.71865620173, -14368.398443780723 197992.58764783, -14366.236375522512 197992.84285812438, -14352.96 197994.41, -14350.479141202166 197994.54977678866, -14349.695236637133 197994.59394361623, -14344.893686642883 197994.86447301492, -14333.650898716247 197995.49791527024, -14333.240976998763 197995.52101111968, -14332.503346195974 197995.5625707864, -14323.896100321444 197996.04752107404, -14322.680879542435 197996.11598916186, -14318.35 197996.36, -14300.432288668806 197995.61313372364, -14299.441162265948 197995.57182047373, -14298.493289090724 197995.5323101537, -14296.608441254932 197995.45374379784, -14295.714486934929 197995.41648098445, -14292.894531812004 197995.2989364307, -14284.362579464927 197994.94329795873, -14277.16763434864 197994.64339013188, -14276.194085032148 197994.60280954995, -14274.958436772651 197994.5513038639, -14273.612953911383 197994.49521992795, -14272.104321736108 197994.43233541807, -14270.308826899487 197994.35749357482, -14268.54104839198 197994.2838070349, -14266.493760812553 197994.19846968222, -14264.521849346022 197994.1162742418, -14262.154924379181 197994.0176134026, -14260.098644994065 197993.93190124334, -14257.70062837476 197993.83194440676, -14255.08340566444 197993.7228503744, -14252.564151948764 197993.6178399963, -14248.112679834741 197993.43228870904, -14245.276792694785 197993.314080059, -14240.593363698796 197993.11886008308, -14231.331541339947 197992.73279834507, -14229.624060188056 197992.6616251876, -14228.266583188786 197992.60504129846, -14226.651540069304 197992.53772124747, -14225.63810129878 197992.49547794825, -14224.091632332624 197992.43101628256, -14223.311862543642 197992.39851303768, -14221.821059240896 197992.33637169102, -14221.168783415349 197992.3091827935, -14220.531707678298 197992.28262748325, -14219.08860226361 197992.2224743338, -14218.397012057405 197992.19364668988, -14217.11 197992.14, -14215.062822934082 197992.22555241658, -14213.642520300316 197992.284907479, -14212.22588329724 197992.34410935314, -14210.764566969787 197992.40517839562, -14208.924100530494 197992.48209228553, -14207.39713918479 197992.54590466176, -14205.71196318131 197992.61632889707, -14203.599263241025 197992.70461954296, -14201.797394293973 197992.77992042692, -14199.87011600596 197992.8604622216, -14197.729059467832 197992.949937902, -14195.549388773888 197993.0410272847, -14191.361725438037 197993.21603154988, -14188.828737589882 197993.3218862095, -14187.926486036433 197993.35959169283, -14184.013382447185 197993.52312198727, -14173.436215224583 197993.96514638825, -14172.357821966514 197994.01021290972, -14171.354188379533 197994.05215519218, -14169.8870601636 197994.11346711597, -14168.968762592289 197994.15184316935, -14167.668295280111 197994.2061902618, -14166.808551356864 197994.24211933283, -14165.96540731227 197994.27735468777, -14164.963497983159 197994.31922491273, -14164.131409337508 197994.35399825775, -14163.387921500856 197994.38506893656, -14162.540804361934 197994.42047032883, -14161.994890851263 197994.44328429096, -14161.094586780719 197994.48090838816, -14160.120712060549 197994.52160703467, -14159.70934510511 197994.53879823795, -14158.62753638366 197994.58400749313, -14158.276299695171 197994.59868582652, -14157.93036098349 197994.61314275517, -14156.711582632694 197994.66407603052, -14156.343229436703 197994.67946967017, -14155.926721297752 197994.69687572576, -14155.436097647333 197994.71737910068, -14154.847563041943 197994.74197421683, -14153.494121317708 197994.7985351329, -14152.808695367172 197994.82717938034, -14152.051601444957 197994.85881866337, -14150.606684821469 197994.91920235511, -14149.855417699766 197994.9505981336, -14148.345959111102 197995.01367906205, -14147.660728787825 197995.04231513414, -14147.079614549899 197995.06660014993, -14145.583709314264 197995.12911467784, -14145.16301697497 197995.146695593, -14143.69271001473 197995.2081403579, -14143.381611759938 197995.22114128876, -14143.117828281931 197995.23216491457, -14141.730205854494 197995.29015425703, -14141.121210345109 197995.31560444323, -14140.674586066261 197995.33426906535, -14139.409734295783 197995.38712776886, -14138.901944082338 197995.40834854188, -14137.776553545564 197995.45537910002, -14137.254650013901 197995.47718967474, -14136.758576963359 197995.49792078245, -14135.806081259518 197995.53772599058, -14135.38925103933 197995.5551455061, -14134.629837603317 197995.58688172261, -14134.072902463755 197995.6101562834, -14133.66876357442 197995.62704542268, -14133.364653180339 197995.6397543278, -14133.096911780227 197995.65094335692, -14132.80542805309 197995.66312458817, -14132.436863987812 197995.67852704015, -14127.082379011903 197995.90229328722, -14126.558093055552 197995.92420342448, -14125.919160051897 197995.95090471156, -14125.158250910776 197995.98270343425, -14119.48 197996.22, -14111.194714118725 197997.17070548175, -14109.987022651 197997.30928354835, -14108.787379623527 197997.44693808662, -14089.1842518613 197999.69632347778, -14086.722188243913 197999.97883604415, -14084.861812004827 198000.19230724045, -14081.997018884542 198000.52103150685, -14080.37661203433 198000.70696711575, -14077.228059517489 198001.06825170873, -14075.758591112834 198001.23686769707, -14072.461097746884 198001.6152426939, -14061.669234999545 198002.85356847037, -14060.502078373187 198002.98749531593, -14057.945868236708 198003.2808108423, -14056.82 198003.41, -14055.578245191053 198004.01107621155, -14053.0999796122 198005.21069023732, -14051.970480974258 198005.75742841573, -14039.91671478869 198011.59210049562, -14035.761566424684 198013.6034161105, -14034.009975357256 198014.45128053223, -14033.6400558671 198014.63034149026, -14014.49 198023.9, -14013.058808954698 198024.71998554195, -14012.893845613542 198024.81449951697, -14012.736800967581 198024.9044765606, -14012.58585989914 198024.99095662503, -14010.89860652325 198025.9576503298, -14010.739653598279 198026.04872070142, -14010.584942064013 198026.13736101377, -13988.473430677712 198038.80591403958, -13988.297685163257 198038.90660554502, -13983.214333178525 198041.81905748203, -13983.044278478248 198041.9164884966, -13982.840480622386 198042.03325228984, -13982.109379188656 198042.45212900607, -13981.067634493069 198043.04898544363, -13980.740673186277 198043.2363144136, -13980.388276282234 198043.4382164359, -13980.009186877263 198043.65541164, -13979.600517668354 198043.88955427514, -13978.80269628072 198044.34665747258, -13977.61 198045.03, -13976.752462836908 198045.89573187704, -13976.397400773521 198046.25418695027, -13975.675362233636 198046.98312536525, -13975.303430952157 198047.35861086057, -13974.86603778974 198047.80018379734, -13974.332252149588 198048.33907034836, -13973.578693903642 198049.09982967496, -13972.899745857156 198049.78526581932, -13972.044685899386 198050.64849681858, -13971.029437268558 198051.6734472705, -13970.266026325851 198052.44415344723, -13969.118492822641 198053.60265289946, -13967.874032892807 198054.8590050173, -13967.120767971654 198055.61946821603, -13965.810290193216 198056.94246905585, -13965.088686915688 198057.67096804906, -13963.746554627836 198059.02592589206, -13963.067645957086 198059.7113222844, -13961.713421465443 198061.07848788553, -13961.071298505583 198061.72674703892, -13959.752800178536 198063.05784507253, -13958.488566546306 198064.3341598523, -13957.874554465958 198064.95403949567, -13957.289179567197 198065.5450082976, -13956.12167800993 198066.72366662067, -13955.553216057786 198067.29756085412, -13954.482348332283 198068.3786619025, -13953.922700393221 198068.94365789526, -13952.885597699933 198069.9906712493, -13951.775701443867 198071.11117378893, -13951.192265747242 198071.7001848575, -13949.927532744025 198072.9770037803, -13948.400184528095 198074.51894749398, -13947.76023125072 198075.16501623116, -13945.911485572184 198077.0314287149, -13945.17 198077.78, -13943.982688455168 198079.28204772962, -13943.341137196656 198080.09366336284, -13941.408440337107 198082.53868543188, -13939.551663726104 198084.88766208012, -13938.866454290112 198085.75450893436, -13937.22772766281 198087.82763424062, -13935.897340499068 198089.5106845129, -13934.725661868553 198090.99295530736, -13934.010988679365 198091.89707625684, -13932.777346819426 198093.45773568357, -13931.25930167606 198095.3781888881, -13929.223274090144 198097.95393290927, -13928.530096397315 198098.8308602703, -13925.832155968585 198102.24397902022, -13922.6681994157 198106.24664687735, -13922.0502685336 198107.02838077233, -13919.72053016445 198109.97569333174, -13919.417123401397 198110.35952808984, -13916.254437529618 198114.36058842982, -13913.260697789805 198118.14791787913, -13913.008238314456 198118.4673000863, -13910.518356529008 198121.61720736983, -13908.769311555276 198123.82989454805, -13908.533737491476 198124.12791530698, -13907.459906965663 198125.48640012112, -13901.600614586805 198132.89889168928, -13901.237240782133 198133.35858973628, -13901.010648506286 198133.64524778735, -13900.894768011867 198133.79184623854, -13900.681605932514 198134.0615139755, -13900.203641797005 198134.66617830956, -13892.750458803177 198144.09507390406, -13890.241668342329 198147.2689022326, -13888.242938157684 198149.79746194303, -13888.010228562525 198150.0918589112, -13887.801663420754 198150.35571114026, -13887.634690101433 198150.56694625903, -13881.104600026614 198158.82805263318, -13880.510698584807 198159.5793872902, -13880.303659278828 198159.8413092102, -13879.810914474583 198160.464672318, -13879.5966178605 198160.7357753356, -13879.188964152774 198161.2514911381, -13878.83504760009 198161.69922497575, -13878.576983171699 198162.0256979141, -13878.258852527857 198162.42815960443, -13877.969000096207 198162.7948470074, -13877.630409107573 198163.22319273348, -13877.36765434388 198163.55559933558, -13876.55 198164.59, -13875.818309381715 198165.39211726474, -13875.20818068124 198166.0609720404, -13875.012794997478 198166.2751639766, -13874.262658570575 198167.09750249493, -13874.067562574619 198167.3113768603, -13873.160879753948 198168.30532966758, -13872.952084896759 198168.53422143625, -13871.860553302049 198169.7308150719, -13871.622915455377 198169.99132602394, -13871.36093169686 198170.27852622923, -13870.052506477043 198171.71288992368, -13869.743490470919 198172.05164932198, -13869.400436449563 198172.42772296074, -13869.02848345955 198172.83547715013, -13867.493662631812 198174.51802747048, -13867.038264405783 198175.01725866232, -13866.53384076566 198175.57023405982, -13864.875142861514 198177.38858486633, -13864.262826204922 198178.05983819318, -13863.597736421296 198178.78894416324, -13861.897020483178 198180.6533573213, -13861.125822298032 198181.49878483312, -13860.357001401164 198182.34160623804, -13858.746118008568 198184.1075402932, -13857.942174073758 198184.98886539682, -13857.187787607369 198185.81586302922, -13855.785640977074 198187.35296900233, -13855.040628959987 198188.16968987643, -13854.357101995065 198188.9190076424, -13853.738994930745 198189.596608715, -13852.4373090404 198191.02358440636, -13851.85322128889 198191.66389174105, -13851.350458258992 198192.21504669133, -13850.936310662537 198192.6690568002, -13849.630862029575 198194.10015740548, -13849.28836292478 198194.4756227159, -13849.008031865682 198194.78293618516, -13848.749291366434 198195.06658096117, -13847.333747136612 198196.61837407885, -13847.040420036563 198196.93993448332, -13845.41280386365 198198.72421188146, -13845.0380538348 198199.13503233014, -13840.947153884996 198203.61968936416, -13838.795480610048 198205.97846538064, -13837.01511702594 198207.9301924257, -13834.582743267349 198210.5966868938, -13832.932198849752 198212.40609942484, -13829.358034940853 198215.29120160453, -13826.574084058824 198217.5384356326, -13823.48552463319 198220.03155283653, -13820.655722628671 198222.31579836624, -13817.481859497444 198224.87777360613, -13814.913713954464 198226.9508073261, -13811.734344767628 198229.5172271112, -13809.744730579785 198231.12326432057, -13805.585418281338 198234.48070434967, -13804.62 198235.26, -13802.450497982334 198236.8845372803, -13801.91560287479 198237.28507023034, -13801.178512252198 198237.8370085026, -13798.725573168937 198239.67378530878, -13797.744510096096 198240.40841174524, -13796.368703224023 198241.43862491674, -13794.268449557738 198243.0113085792, -13793.245915140464 198243.77698902925, -13790.624027627753 198245.3977119967, -13789.230122124567 198246.2593563855, -13788.187803898898 198246.90366666942, -13758.070919855492 198265.52045531498, -13757.045667846189 198266.1542160964, -13756.13717930516 198266.71579939735, -13755.279880804244 198267.2457395125, -13754.414892215264 198267.78043326497, -13753.546211642592 198268.31740922167, -13744.975322299413 198273.6155149346, -13743.166095393593 198274.73389075557, -13742.224302125165 198275.31606141443)"
"LINESTRING (-13742.224302125165 198275.31606141443, -13700.972198849751 198300.81609942485, -13636.08391759882 198338.45783683652)"
"LINESTRING (-14405.04 197981.48, -14396.65 197985.12)"
"LINESTRING (-13458.658901687784 198438.5937386856, -13427.572198849752 198451.68609942484, -13388.652198849752 198462.57609942486, -13289.779586410756 198481.5945172584, -13100.52 198515.73, -13054.77 198515.09, -13012.442198849752 198512.52609942484, -12976.790832963194 198502.79436839055, -12953.009315866117 198493.5491976136, -12909.87 198476.35, -12860.83 198449.36, -12772.684662844904 198404.88742978746)"
"LINESTRING (-12488.11324614475 198336.6603849218, -12467.29 198345.41, -12441.83 198361.22, -12396.92 198408.21, -12332.83 198471.39, -12273.792198849753 198513.02609942484, -12246.439986062622 198525.52120106592, -12228.156445591334 198531.865219909, -12177.472198849751 198541.08609942484, -12126.412198849752 198541.89609942483, -12031.904920521329 198537.53505358993)"
"LINESTRING (-14564.56 196821.31, -14575.3 196850.03, -14580.347364391428 196870.8874910881)"
"LINESTRING (-14580.347364391428 196870.8874910881, -14580.74 196872.51, -14587.325532660308 196921.21013896103)"
"LINESTRING (-14666.434163088286 197152.3765616427, -14687.792198849753 197204.68609942484, -14692.702198849753 197222.91609942485, -14697.892198849751 197262.04609942486, -14695.162198849752 197304.09609942485, -14681.172198849752 197340.18609942484, -14668.472198849751 197366.79609942486, -14635.042198849753 197421.84609942485, -14593.832198849752 197483.10609942485, -14582.302198849751 197503.88609942485, -14567.912198849752 197535.72609942485, -14561.94424679147 197554.90160636164)"
"LINESTRING (-14559.97 197564.05, -14555.34 197589.57, -14534.242198849752 197783.09609942485, -14534.41 197808.93)"
"LINESTRING (-14561.94424679147 197554.90160636164, -14559.970590171488 197564.05032715222)"
"LINESTRING (-14151.834217541396 196142.6870727539, -14140.502678491153 196162.3532473211, -14139.99483143399 196165.28832395724)"
"LINESTRING (-14139.99483143399 196165.28832395724, -14128.949719406624 196229.12299582962, -14128.916240040173 196246.26957535042)"
"LINESTRING (-14128.916240040173 196246.26957535042, -14128.90721432613 196250.89212768537, -14170.567712001768 196339.89283409299, -14175.110309035876 196370.08274332504, -14175.863857401484 196392.125389069, -14172.226808516634 196413.8276207367, -14150.099207867326 196492.87591215307)"
